Date,FXDate,Rate
0,2015-10-31,1.30463
1,2015-10-30,1.30463
2,2015-10-29,1.30463
3,2015-10-28,1.30463
4,2015-10-27,1.30463
5,2015-10-26,1.30463
6,2015-10-25,1.30463
7,2015-10-24,1.30463
8,2015-10-23,1.30463
9,2015-10-22,1.30463
10,2015-10-21,1.30463
11,2015-10-20,1.30463
12,2015-10-19,1.30463
13,2015-10-18,1.30463
14,2015-10-17,1.30463
15,2015-10-16,1.30463
16,2015-10-15,1.30463
17,2015-10-14,1.30463
18,2015-10-13,1.30463
19,2015-10-12,1.30463
20,2015-10-11,1.30463
21,2015-10-10,1.30463
22,2015-10-09,1.30463
23,2015-10-08,1.30463
24,2015-10-07,1.30463
25,2015-10-06,1.30463
26,2015-10-05,1.30839
27,2015-10-04,1.31695
28,2015-10-03,1.315504
29,2015-10-02,1.315504
30,2015-10-01,1.324603
31,2015-09-30,1.33185
32,2015-09-29,1.342304
33,2015-09-28,1.339899
34,2015-09-27,1.33213
35,2015-09-26,1.333504
36,2015-09-25,1.333504
37,2015-09-24,1.33259
38,2015-09-23,1.33165
39,2015-09-22,1.329149
40,2015-09-21,1.323705
41,2015-09-20,1.321305
42,2015-09-19,1.32265
43,2015-09-18,1.32265
44,2015-09-17,1.317335
45,2015-09-16,1.31775
46,2015-09-15,1.32359
47,2015-09-14,1.32595
48,2015-09-13,1.324302
49,2015-09-12,1.326404
50,2015-09-11,1.326404
51,2015-09-10,1.321802
52,2015-09-09,1.32476
53,2015-09-08,1.320103
54,2015-09-07,1.329499
55,2015-09-06,1.326498
56,2015-09-05,1.32775
57,2015-09-04,1.32775
58,2015-09-03,1.32195
59,2015-09-02,1.32655
60,2015-09-01,1.32258
61,2015-08-31,1.31475
62,2015-08-30,1.323285
63,2015-08-29,1.32045
64,2015-08-28,1.32045
65,2015-08-27,1.318815
66,2015-08-26,1.3303
67,2015-08-25,1.3296
68,2015-08-24,1.3214
69,2015-08-23,1.3214
70,2015-08-22,1.3214
71,2015-08-21,1.3149
72,2015-08-20,1.308
73,2015-08-19,1.3165
74,2015-08-18,1.3074
75,2015-08-17,1.3091
76,2015-08-16,1.3091
77,2015-08-15,1.3091
78,2015-08-14,1.3079
79,2015-08-13,1.3079
80,2015-08-12,1.2974
81,2015-08-11,1.3148
82,2015-08-10,1.3057
83,2015-08-09,1.3057
84,2015-08-08,1.3057
85,2015-08-07,1.3122
86,2015-08-06,1.3153
87,2015-08-05,1.3182
88,2015-08-04,1.3125
89,2015-08-03,1.3046
90,2015-08-02,1.3046
91,2015-08-01,1.3046
92,2015-07-31,1.3046
93,2015-07-30,1.3026
94,2015-07-29,1.2893
95,2015-07-28,1.2933
96,2015-07-27,1.3009
97,2015-07-26,1.3009
98,2015-07-25,1.3009
99,2015-07-24,1.306
100,2015-07-23,1.3029
101,2015-07-22,1.3026
102,2015-07-21,1.2962
103,2015-07-20,1.2982
104,2015-07-19,1.2982
105,2015-07-18,1.2982
106,2015-07-17,1.2999
107,2015-07-16,1.2938
108,2015-07-15,1.2937
109,2015-07-14,1.2749
110,2015-07-13,1.2762
111,2015-07-12,1.2762
112,2015-07-11,1.2762
113,2015-07-10,1.2715
114,2015-07-09,1.2729
115,2015-07-08,1.2723
116,2015-07-07,1.274
117,2015-07-06,1.2626
118,2015-07-05,1.2626
119,2015-07-04,1.2626
120,2015-07-03,1.2571
121,2015-07-02,1.2566
122,2015-07-01,1.2473
123,2015-06-30,1.2473
124,2015-06-29,1.2382
125,2015-06-28,1.2382
126,2015-06-27,1.2382
127,2015-06-26,1.2359
128,2015-06-25,1.2347
129,2015-06-24,1.2415
130,2015-06-23,1.2327
131,2015-06-22,1.2288
132,2015-06-21,1.2288
133,2015-06-20,1.2288
134,2015-06-19,1.2279
135,2015-06-18,1.2209
136,2015-06-17,1.2308
137,2015-06-16,1.233
138,2015-06-15,1.2323
139,2015-06-14,1.2323
140,2015-06-13,1.2323
141,2015-06-12,1.2305
142,2015-06-11,1.2314
143,2015-06-10,1.2267
144,2015-06-09,1.2317
145,2015-06-08,1.2435
146,2015-06-07,1.2435
147,2015-06-06,1.2435
148,2015-06-05,1.2489
149,2015-06-04,1.2477
150,2015-06-03,1.2436
151,2015-06-02,1.2422
152,2015-06-01,1.255
153,2015-05-31,1.255
154,2015-05-30,1.255
155,2015-05-29,1.2466
156,2015-05-28,1.2477
157,2015-05-27,1.2484
158,2015-05-26,1.243
159,2015-05-25,1.2305
160,2015-05-24,1.2305
161,2015-05-23,1.2305
162,2015-05-22,1.2288
163,2015-05-21,1.2201
164,2015-05-20,1.2212
165,2015-05-19,1.2212
166,2015-05-18,1.2011
167,2015-05-17,1.2011
168,2015-05-16,1.2011
169,2015-05-15,1.2011
170,2015-05-14,1.1992
171,2015-05-13,1.195
172,2015-05-12,1.1988
173,2015-05-11,1.2105
174,2015-05-10,1.2105
175,2015-05-09,1.2105
176,2015-05-08,1.2088
177,2015-05-07,1.2139
178,2015-05-06,1.2009
179,2015-05-05,1.2039
180,2015-05-04,1.2111
181,2015-05-03,1.2111
182,2015-05-02,1.2111
183,2015-05-01,1.2192
184,2015-04-30,1.2118
185,2015-04-29,1.1955
186,2015-04-28,1.2021
187,2015-04-27,1.2105
188,2015-04-26,1.2105
189,2015-04-25,1.2105
190,2015-04-24,1.2165
191,2015-04-23,1.2148
192,2015-04-22,1.225
193,2015-04-21,1.2274
194,2015-04-20,1.2204
195,2015-04-19,1.2204
196,2015-04-18,1.2204
197,2015-04-17,1.2229
198,2015-04-16,1.2206
199,2015-04-15,1.255
200,2015-04-14,1.2603
201,2015-04-13,1.2565
202,2015-04-12,1.2565
203,2015-04-11,1.2594
204,2015-04-10,1.2561
205,2015-04-09,1.2485
206,2015-04-08,1.2483
207,2015-04-07,1.2468
208,2015-04-06,1.2479
209,2015-04-05,1.2479
210,2015-04-04,1.2527
211,2015-04-03,1.2601
212,2015-04-02,1.2654
213,2015-04-01,1.2699
214,2015-03-31,1.2642
215,2015-03-30,1.2611
216,2015-03-29,1.2611
217,2015-03-28,1.2516
218,2015-03-27,1.2474
219,2015-03-26,1.2504
220,2015-03-25,1.2508
221,2015-03-24,1.2554
222,2015-03-23,1.2549
223,2015-03-22,1.2549
224,2015-03-21,1.2655
225,2015-03-20,1.265
226,2015-03-19,1.2767
227,2015-03-18,1.2775
228,2015-03-17,1.2783
229,2015-03-16,1.2777
230,2015-03-15,1.2777
231,2015-03-14,1.2738
232,2015-03-13,1.271
233,2015-03-12,1.2706
234,2015-03-11,1.264
235,2015-03-10,1.26
236,2015-03-09,1.2621
237,2015-03-08,1.262
238,2015-03-07,1.2518
239,2015-03-06,1.2446
240,2015-03-05,1.2484
241,2015-03-04,1.2504
242,2015-03-03,1.2513
243,2015-03-02,1.2496
244,2015-03-01,1.2496
245,2015-02-28,1.2495
246,2015-02-27,1.2451
247,2015-02-26,1.245
248,2015-02-25,1.2593
249,2015-02-24,1.2567
250,2015-02-23,1.253
251,2015-02-22,1.253
252,2015-02-21,1.249
253,2015-02-20,1.2475
254,2015-02-19,1.2414
255,2015-02-18,1.2423
256,2015-02-17,1.2447
257,2015-02-16,1.2445
258,2015-02-15,1.2445
259,2015-02-14,1.2493
260,2015-02-13,1.2571
261,2015-02-12,1.2608
262,2015-02-11,1.2494
263,2015-02-10,1.2493
264,2015-02-09,1.2517
265,2015-02-08,1.2517
266,2015-02-07,1.2459
267,2015-02-06,1.2515
268,2015-02-05,1.2462
269,2015-02-04,1.2545
270,2015-02-03,1.2681
271,2015-02-02,1.2723
272,2015-02-01,1.2722
273,2015-01-31,1.266
274,2015-01-30,1.2552
275,2015-01-29,1.2434
276,2015-01-28,1.2455
277,2015-01-27,1.2445
278,2015-01-26,1.2413
279,2015-01-25,1.2414
280,2015-01-24,1.2399
281,2015-01-23,1.2354
282,2015-01-22,1.2153
283,2015-01-21,1.2002
284,2015-01-20,1.1966
285,2015-01-19,1.1977
286,2015-01-18,1.1977
287,2015-01-17,1.1979
288,2015-01-16,1.1943
289,2015-01-15,1.1967
290,2015-01-14,1.1961
291,2015-01-13,1.1883
292,2015-01-12,1.1859
293,2015-01-11,1.1859
294,2015-01-10,1.1837
295,2015-01-09,1.1821
296,2015-01-08,1.1838
297,2015-01-07,1.177
298,2015-01-06,1.1787
299,2015-01-05,1.178
300,2015-01-04,1.1779
301,2015-01-03,1.1669
302,2015-01-02,1.1613
303,2015-01-01,1.1599
304,2014-12-31,1.1627
305,2014-12-30,1.1626
306,2014-12-29,1.1621
307,2014-12-28,1.1621
308,2014-12-27,1.1615
309,2014-12-26,1.1629
310,2014-12-25,1.1617
311,2014-12-24,1.1624
312,2014-12-23,1.1611
313,2014-12-22,1.1601
314,2014-12-21,1.1601
315,2014-12-20,1.1593
316,2014-12-19,1.1618
317,2014-12-18,1.1635
318,2014-12-17,1.1643
319,2014-12-16,1.1587
320,2014-12-15,1.1576
321,2014-12-14,1.1576
322,2014-12-13,1.1547
323,2014-12-12,1.1487
324,2014-12-11,1.1458
325,2014-12-10,1.1465
326,2014-12-09,1.1447
327,2014-12-08,1.1428
328,2014-12-07,1.1428
329,2014-12-06,1.1405
330,2014-12-05,1.1367
331,2014-12-04,1.1385
332,2014-12-03,1.1354
333,2014-12-02,1.1402
334,2014-12-01,1.141
335,2014-11-30,1.1411
336,2014-11-29,1.1377
337,2014-11-28,1.1275
338,2014-11-27,1.1257
339,2014-11-26,1.1279
340,2014-11-25,1.1247
341,2014-11-24,1.1229
342,2014-11-23,1.1229
343,2014-11-22,1.128
344,2014-11-21,1.1332
345,2014-11-20,1.1331
346,2014-11-19,1.1289
347,2014-11-18,1.1296
348,2014-11-17,1.1287
349,2014-11-16,1.1287
350,2014-11-15,1.1355
351,2014-11-14,1.1327
352,2014-11-13,1.1323
353,2014-11-12,1.1369
354,2014-11-11,1.1328
355,2014-11-10,1.1325
356,2014-11-09,1.1325
357,2014-11-08,1.1406
358,2014-11-07,1.1405
359,2014-11-06,1.1414
360,2014-11-05,1.1375
361,2014-11-04,1.1297
362,2014-11-03,1.1263
363,2014-11-02,1.1263
364,2014-11-01,1.1226
365,2014-10-31,1.1193
366,2014-10-30,1.1161
367,2014-10-29,1.122
368,2014-10-28,1.1232
369,2014-10-27,1.1233
370,2014-10-26,1.1233
371,2014-10-25,1.1221
372,2014-10-24,1.1243
373,2014-10-23,1.1227
374,2014-10-22,1.1253
375,2014-10-21,1.1273
376,2014-10-20,1.1273
377,2014-10-19,1.1273
378,2014-10-18,1.125
379,2014-10-17,1.1277
380,2014-10-16,1.1319
381,2014-10-15,1.1231
382,2014-10-14,1.12
383,2014-10-13,1.1192
384,2014-10-12,1.1192
385,2014-10-11,1.1194
386,2014-10-10,1.1116
387,2014-10-09,1.1168
388,2014-10-08,1.1164
389,2014-10-07,1.1216
390,2014-10-06,1.124
391,2014-10-05,1.124
392,2014-10-04,1.1199
393,2014-10-03,1.1132
394,2014-10-02,1.1197
395,2014-10-01,1.117
396,2014-09-30,1.1156
397,2014-09-29,1.1153
398,2014-09-28,1.1153
399,2014-09-27,1.1125
400,2014-09-26,1.1092
401,2014-09-25,1.1076
402,2014-09-24,1.1037
403,2014-09-23,1.0979
404,2014-09-22,1.0959
405,2014-09-21,1.0959
406,2014-09-20,1.0951
407,2014-09-19,1.0984
408,2014-09-18,1.0966
409,2014-09-17,1.1033
410,2014-09-16,1.1077
411,2014-09-15,1.1087
412,2014-09-14,1.1087
413,2014-09-13,1.1058
414,2014-09-12,1.0987
415,2014-09-11,1.0973
416,2014-09-10,1.0991
417,2014-09-09,1.0911
418,2014-09-08,1.0879
419,2014-09-07,1.0879
420,2014-09-06,1.0881
421,2014-09-05,1.0881
422,2014-09-04,1.0909
423,2014-09-03,1.0902
424,2014-09-02,1.0867
425,2014-09-01,1.0876
426,2014-08-31,1.0873
427,2014-08-30,1.0856
428,2014-08-29,1.0853
429,2014-08-28,1.0905
430,2014-08-27,1.0968
431,2014-08-26,1.0962
432,2014-08-25,1.0937
433,2014-08-24,1.0937
434,2014-08-23,1.0944
435,2014-08-22,1.0964
436,2014-08-21,1.0948
437,2014-08-20,1.0908
438,2014-08-19,1.0885
439,2014-08-18,1.0894
440,2014-08-17,1.0894
441,2014-08-16,1.0896
442,2014-08-15,1.0908
443,2014-08-14,1.0922
444,2014-08-13,1.0936
445,2014-08-12,1.0958
446,2014-08-11,1.0971
447,2014-08-10,1.0969
448,2014-08-09,1.0944
449,2014-08-08,1.0921
450,2014-08-07,1.0953
451,2014-08-06,1.0932
452,2014-08-05,1.092
453,2014-08-04,1.0913
454,2014-08-03,1.0913
455,2014-08-02,1.0916
456,2014-08-01,1.0903
457,2014-07-31,1.0872
458,2014-07-30,1.0819
459,2014-07-29,1.0808
460,2014-07-28,1.0807
461,2014-07-27,1.0807
462,2014-07-26,1.0766
463,2014-07-25,1.0735
464,2014-07-24,1.0731
465,2014-07-23,1.074
466,2014-07-22,1.0738
467,2014-07-21,1.0732
468,2014-07-20,1.0732
469,2014-07-19,1.0745
470,2014-07-18,1.0742
471,2014-07-17,1.0758
472,2014-07-16,1.0734
473,2014-07-15,1.073
474,2014-07-14,1.0731
475,2014-07-13,1.0731
476,2014-07-12,1.0669
477,2014-07-11,1.0657
478,2014-07-10,1.0668
479,2014-07-09,1.068
480,2014-07-08,1.0657
481,2014-07-07,1.0649
482,2014-07-06,1.065
483,2014-07-05,1.064
484,2014-07-04,1.0656
485,2014-07-03,1.0644
486,2014-07-02,1.066
487,2014-07-01,1.0673
488,2014-06-30,1.0661
489,2014-06-29,1.0661
490,2014-06-28,1.0682
491,2014-06-27,1.071
492,2014-06-26,1.0737
493,2014-06-25,1.0729
494,2014-06-24,1.0735
495,2014-06-23,1.0754
496,2014-06-22,1.0754
497,2014-06-21,1.0797
498,2014-06-20,1.0825
499,2014-06-19,1.0864
500,2014-06-18,1.0856
501,2014-06-17,1.0856
502,2014-06-16,1.0855
503,2014-06-15,1.0855
504,2014-06-14,1.0857
505,2014-06-13,1.0859
506,2014-06-12,1.0887
507,2014-06-11,1.0906
508,2014-06-10,1.0921
509,2014-06-09,1.0927
510,2014-06-08,1.0927
511,2014-06-07,1.0925
512,2014-06-06,1.0939
513,2014-06-05,1.093
514,2014-06-04,1.0905
515,2014-06-03,1.0868
516,2014-06-02,1.0842
517,2014-06-01,1.0842
518,2014-05-31,1.0839
519,2014-05-30,1.0857
520,2014-05-29,1.086
521,2014-05-28,1.0851
522,2014-05-27,1.0862
523,2014-05-26,1.0863
524,2014-05-25,1.0863
525,2014-05-24,1.0888
526,2014-05-23,1.0906
527,2014-05-22,1.0913
528,2014-05-21,1.0886
529,2014-05-20,1.0861
530,2014-05-19,1.0857
531,2014-05-18,1.0857
532,2014-05-17,1.0874
533,2014-05-16,1.0876
534,2014-05-15,1.0899
535,2014-05-14,1.0902
536,2014-05-13,1.0893
537,2014-05-12,1.0894
538,2014-05-11,1.0894
539,2014-05-10,1.0852
540,2014-05-09,1.0874
541,2014-05-08,1.089
542,2014-05-07,1.0928
543,2014-05-06,1.0968
544,2014-05-05,1.0973
545,2014-05-04,1.0973
546,2014-05-03,1.0968
547,2014-05-02,1.0969
548,2014-05-01,1.0956
549,2014-04-30,1.0992
550,2014-04-29,1.1029
551,2014-04-28,1.1037
552,2014-04-27,1.1037
553,2014-04-26,1.1028
554,2014-04-25,1.1028
555,2014-04-24,1.1032
556,2014-04-23,1.1019
557,2014-04-22,1.102
558,2014-04-21,1.1019
559,2014-04-20,1.1019
560,2014-04-19,1.101
561,2014-04-18,1.1004
562,2014-04-17,1.0992
563,2014-04-16,1.0981
564,2014-04-15,1.0973
565,2014-04-14,1.0975
566,2014-04-13,1.0975
567,2014-04-12,1.0946
568,2014-04-11,1.0897
569,2014-04-10,1.0915
570,2014-04-09,1.0946
571,2014-04-08,1.0978
572,2014-04-07,1.0978
573,2014-04-06,1.0978
574,2014-04-05,1.1011
575,2014-04-04,1.1026
576,2014-04-03,1.1027
577,2014-04-02,1.1047
578,2014-04-01,1.1048
579,2014-03-31,1.1058
580,2014-03-30,1.1058
581,2014-03-29,1.1031
582,2014-03-28,1.1079
583,2014-03-27,1.1145
584,2014-03-26,1.1187
585,2014-03-25,1.1221
586,2014-03-24,1.1222
587,2014-03-23,1.1222
588,2014-03-22,1.1229
589,2014-03-21,1.1249
590,2014-03-20,1.116
591,2014-03-19,1.1068
592,2014-03-18,1.1076
593,2014-03-17,1.1096
594,2014-03-16,1.1096
595,2014-03-15,1.1087
596,2014-03-14,1.1081
597,2014-03-13,1.1116
598,2014-03-12,1.1109
599,2014-03-11,1.1106
600,2014-03-10,1.1081
601,2014-03-09,1.1081
602,2014-03-08,1.1022
603,2014-03-07,1.1017
604,2014-03-06,1.1075
605,2014-03-05,1.1087
606,2014-03-04,1.1073
607,2014-03-03,1.1059
608,2014-03-02,1.1059
609,2014-03-01,1.1108
610,2014-02-28,1.1133
611,2014-02-27,1.1095
612,2014-02-26,1.107
613,2014-02-25,1.11
614,2014-02-24,1.1104
615,2014-02-23,1.1105
616,2014-02-22,1.1131
617,2014-02-21,1.1082
618,2014-02-20,1.0973
619,2014-02-19,1.0957
620,2014-02-18,1.0967
621,2014-02-17,1.0974
622,2014-02-16,1.0975
623,2014-02-15,1.0965
624,2014-02-14,1.0994
625,2014-02-13,1.0997
626,2014-02-12,1.1056
627,2014-02-11,1.1037
628,2014-02-10,1.1028
629,2014-02-09,1.1028
630,2014-02-08,1.1053
631,2014-02-07,1.1069
632,2014-02-06,1.1079
633,2014-02-05,1.1088
634,2014-02-04,1.1096
635,2014-02-03,1.1121
636,2014-02-02,1.1121
637,2014-02-01,1.1166
638,2014-01-31,1.1177
639,2014-01-30,1.1148
640,2014-01-29,1.1123
641,2014-01-28,1.1067
642,2014-01-27,1.1082
643,2014-01-26,1.1082
644,2014-01-25,1.1093
645,2014-01-24,1.1128
646,2014-01-23,1.0993
647,2014-01-22,1.0971
648,2014-01-21,1.0953
649,2014-01-20,1.0956
650,2014-01-19,1.0957
651,2014-01-18,1.0946
652,2014-01-17,1.0934
653,2014-01-16,1.0958
654,2014-01-15,1.09
655,2014-01-14,1.0893
656,2014-01-13,1.0888
657,2014-01-12,1.0888
658,2014-01-11,1.0867
659,2014-01-10,1.0841
660,2014-01-09,1.0798
661,2014-01-08,1.0696
662,2014-01-07,1.0636
663,2014-01-06,1.063
664,2014-01-05,1.063
665,2014-01-04,1.064
666,2014-01-03,1.0637
667,2014-01-02,1.0627
668,2014-01-01,1.0639
669,2013-12-31,1.0694
670,2013-12-30,1.0702
671,2013-12-29,1.0702
672,2013-12-28,1.0656
673,2013-12-27,1.0635
674,2013-12-26,1.0614
675,2013-12-25,1.0619
676,2013-12-24,1.0623
677,2013-12-23,1.0632
678,2013-12-22,1.0632
679,2013-12-21,1.0672
680,2013-12-20,1.0703
681,2013-12-19,1.0624
682,2013-12-18,1.059
683,2013-12-17,1.0584
684,2013-12-16,1.0581
685,2013-12-15,1.0582
686,2013-12-14,1.0634
687,2013-12-13,1.06
688,2013-12-12,1.0602
689,2013-12-11,1.0628
690,2013-12-10,1.065
691,2013-12-09,1.0634
692,2013-12-08,1.0635
693,2013-12-07,1.0654
694,2013-12-06,1.0666
695,2013-12-05,1.0661
696,2013-12-04,1.0648
697,2013-12-03,1.0628
698,2013-12-02,1.061
699,2013-12-01,1.061
700,2013-11-30,1.0592
701,2013-11-29,1.0585
702,2013-11-28,1.0561
703,2013-11-27,1.0539
704,2013-11-26,1.0551
705,2013-11-25,1.0513
706,2013-11-24,1.0513
707,2013-11-23,1.0536
708,2013-11-22,1.0476
709,2013-11-21,1.0459
710,2013-11-20,1.0442
711,2013-11-19,1.0429
712,2013-11-18,1.0433
713,2013-11-17,1.0433
714,2013-11-16,1.0464
715,2013-11-15,1.0477
716,2013-11-14,1.0483
717,2013-11-13,1.0485
718,2013-11-12,1.0475
719,2013-11-11,1.0475
720,2013-11-10,1.0475
721,2013-11-09,1.0465
722,2013-11-08,1.0426
723,2013-11-07,1.044
724,2013-11-06,1.0437
725,2013-11-05,1.0414
726,2013-11-04,1.0418
727,2013-11-03,1.0418
728,2013-11-02,1.043
729,2013-11-01,1.0458
730,2013-10-31,1.0462
731,2013-10-30,1.0446
732,2013-10-29,1.0442
733,2013-10-28,1.0443
734,2013-10-27,1.0443
735,2013-10-26,1.0434
736,2013-10-25,1.0396
737,2013-10-24,1.0329
738,2013-10-23,1.0296
739,2013-10-22,1.0295
740,2013-10-21,1.0281
741,2013-10-20,1.0281
742,2013-10-19,1.0292
743,2013-10-18,1.0307
744,2013-10-17,1.0363
745,2013-10-16,1.0355
746,2013-10-15,1.0354
747,2013-10-14,1.0345
748,2013-10-13,1.0345
749,2013-10-12,1.0389
750,2013-10-11,1.0395
751,2013-10-10,1.0377
752,2013-10-09,1.0328
753,2013-10-08,1.031
754,2013-10-07,1.0294
755,2013-10-06,1.0294
756,2013-10-05,1.0321
757,2013-10-04,1.0326
758,2013-10-03,1.0338
759,2013-10-02,1.0316
760,2013-10-01,1.0303
761,2013-09-30,1.0299
762,2013-09-29,1.0299
763,2013-09-28,1.0313
764,2013-09-27,1.0315
765,2013-09-26,1.0305
766,2013-09-25,1.0289
767,2013-09-24,1.0292
768,2013-09-23,1.0302
769,2013-09-22,1.0302
770,2013-09-21,1.0281
771,2013-09-20,1.0223
772,2013-09-19,1.0291
773,2013-09-18,1.0313
774,2013-09-17,1.0305
775,2013-09-16,1.0348
776,2013-09-15,1.0348
777,2013-09-14,1.0334
778,2013-09-13,1.0319
779,2013-09-12,1.0341
780,2013-09-11,1.036
781,2013-09-10,1.0387
782,2013-09-09,1.0399
783,2013-09-08,1.0399
784,2013-09-07,1.045
785,2013-09-06,1.0494
786,2013-09-05,1.0514
787,2013-09-04,1.054
788,2013-09-03,1.0534
789,2013-09-02,1.0531
790,2013-09-01,1.0531
791,2013-08-31,1.0532
792,2013-08-30,1.0502
793,2013-08-29,1.0488
794,2013-08-28,1.051
795,2013-08-27,1.0509
796,2013-08-26,1.0492
797,2013-08-25,1.0492
798,2013-08-24,1.0532
799,2013-08-23,1.0497
800,2013-08-22,1.0429
801,2013-08-21,1.037
802,2013-08-20,1.0332
803,2013-08-19,1.0332
804,2013-08-18,1.0332
805,2013-08-17,1.0321
806,2013-08-16,1.0323
807,2013-08-15,1.0342
808,2013-08-14,1.0322
809,2013-08-13,1.0297
810,2013-08-12,1.0284
811,2013-08-11,1.0284
812,2013-08-10,1.0311
813,2013-08-09,1.0392
814,2013-08-08,1.0403
815,2013-08-07,1.0366
816,2013-08-06,1.0387
817,2013-08-05,1.0384
818,2013-08-04,1.0384
819,2013-08-03,1.0368
820,2013-08-02,1.0303
821,2013-08-01,1.0296
822,2013-07-31,1.0279
823,2013-07-30,1.0269
824,2013-07-29,1.0273
825,2013-07-28,1.0273
826,2013-07-27,1.0278
827,2013-07-26,1.0297
828,2013-07-25,1.0297
829,2013-07-24,1.0318
830,2013-07-23,1.0349
831,2013-07-22,1.0363
832,2013-07-21,1.0363
833,2013-07-20,1.0372
834,2013-07-19,1.0408
835,2013-07-18,1.0394
836,2013-07-17,1.0415
837,2013-07-16,1.0403
838,2013-07-15,1.0394
839,2013-07-14,1.0394
840,2013-07-13,1.0377
841,2013-07-12,1.0393
842,2013-07-11,1.0516
843,2013-07-10,1.0546
844,2013-07-09,1.0568
845,2013-07-08,1.0573
846,2013-07-07,1.0573
847,2013-07-06,1.0546
848,2013-07-05,1.0512
849,2013-07-04,1.0536
850,2013-07-03,1.0523
851,2013-07-02,1.051
852,2013-07-01,1.0515
853,2013-06-30,1.0515
854,2013-06-29,1.049
855,2013-06-28,1.0457
856,2013-06-27,1.0489
857,2013-06-26,1.05
858,2013-06-25,1.0504
859,2013-06-24,1.0451
860,2013-06-23,1.0451
861,2013-06-22,1.0406
862,2013-06-21,1.0326
863,2013-06-20,1.0216
864,2013-06-19,1.0196
865,2013-06-18,1.0166
866,2013-06-17,1.0166
867,2013-06-16,1.0166
868,2013-06-15,1.017
869,2013-06-14,1.0187
870,2013-06-13,1.019
871,2013-06-12,1.0203
872,2013-06-11,1.0196
873,2013-06-10,1.0192
874,2013-06-09,1.0192
875,2013-06-08,1.0246
876,2013-06-07,1.032
877,2013-06-06,1.0345
878,2013-06-05,1.0314
879,2013-06-04,1.034
880,2013-06-03,1.0367
881,2013-06-02,1.0367
882,2013-06-01,1.0328
883,2013-05-31,1.0338
884,2013-05-30,1.0388
885,2013-05-29,1.0356
886,2013-05-28,1.0326
887,2013-05-27,1.0313
888,2013-05-26,1.0313
889,2013-05-25,1.0327
890,2013-05-24,1.0351
891,2013-05-23,1.0301
892,2013-05-22,1.0264
893,2013-05-21,1.0273
894,2013-05-20,1.0278
895,2013-05-19,1.0278
896,2013-05-18,1.0241
897,2013-05-17,1.017
898,2013-05-16,1.0187
899,2013-05-15,1.0126
900,2013-05-14,1.0111
901,2013-05-13,1.0098
902,2013-05-12,1.0098
903,2013-05-11,1.0092
904,2013-05-10,1.003
905,2013-05-09,1.0042
906,2013-05-08,1.006
907,2013-05-07,1.0078
908,2013-05-06,1.0074
909,2013-05-05,1.0074
910,2013-05-04,1.0102
911,2013-05-03,1.0078
912,2013-05-02,1.007
913,2013-05-01,1.0103
914,2013-04-30,1.0145
915,2013-04-29,1.0163
916,2013-04-28,1.0163
917,2013-04-27,1.0189
918,2013-04-26,1.0225
919,2013-04-25,1.0263
920,2013-04-24,1.0266
921,2013-04-23,1.0259
922,2013-04-22,1.0262
923,2013-04-21,1.0262
924,2013-04-20,1.0251
925,2013-04-19,1.0256
926,2013-04-18,1.0242
927,2013-04-17,1.0227
928,2013-04-16,1.0192
929,2013-04-15,1.0131
930,2013-04-14,1.0131
931,2013-04-13,1.0116
932,2013-04-12,1.0124
933,2013-04-11,1.0153
934,2013-04-10,1.0162
935,2013-04-09,1.0176
936,2013-04-08,1.0173
937,2013-04-07,1.0173
938,2013-04-06,1.0152
939,2013-04-05,1.0142
940,2013-04-04,1.0142
941,2013-04-03,1.0149
942,2013-04-02,1.017
943,2013-04-01,1.0171
944,2013-03-31,1.0171
945,2013-03-30,1.0166
946,2013-03-29,1.0162
947,2013-03-28,1.0168
948,2013-03-27,1.0194
949,2013-03-26,1.0217
950,2013-03-25,1.0229
951,2013-03-24,1.0229
952,2013-03-23,1.024
953,2013-03-22,1.0245
954,2013-03-21,1.0261
955,2013-03-20,1.0238
956,2013-03-19,1.0228
957,2013-03-18,1.0191
958,2013-03-17,1.0191
959,2013-03-16,1.021
960,2013-03-15,1.026
961,2013-03-14,1.0266
962,2013-03-13,1.0265
963,2013-03-12,1.0276
964,2013-03-11,1.0282
965,2013-03-10,1.0282
966,2013-03-09,1.0294
967,2013-03-08,1.0309
968,2013-03-07,1.0282
969,2013-03-06,1.0269
970,2013-03-05,1.0289
971,2013-03-04,1.0265
972,2013-03-03,1.0265
973,2013-03-02,1.03
974,2013-03-01,1.0248
975,2013-02-28,1.0257
976,2013-02-27,1.0259
977,2013-02-26,1.0238
978,2013-02-25,1.0214
979,2013-02-24,1.0214
980,2013-02-23,1.0195
981,2013-02-22,1.0182
982,2013-02-21,1.0135
983,2013-02-20,1.0114
984,2013-02-19,1.0079
985,2013-02-18,1.0062
986,2013-02-17,1.0062
987,2013-02-16,1.0029
988,2013-02-15,1.0013
989,2013-02-14,1.0023
990,2013-02-13,1.0052
991,2013-02-12,1.0053
992,2013-02-11,1.0016
993,2013-02-10,1.0016
994,2013-02-09,0.9993
995,2013-02-08,0.9963
996,2013-02-07,0.9965
997,2013-02-06,0.9981
998,2013-02-05,0.9972
999,2013-02-04,0.9963
1000,2013-02-03,0.9963
1001,2013-02-02,0.9981
1002,2013-02-01,1.0012
1003,2013-01-31,1.002
1004,2013-01-30,1.0051
1005,2013-01-29,1.008
1006,2013-01-28,1.0055
1007,2013-01-27,1.0055
1008,2013-01-26,1.0046
1009,2013-01-25,1.0007
1010,2013-01-24,0.9937
1011,2013-01-23,0.9927
1012,2013-01-22,0.9922
1013,2013-01-21,0.9914
1014,2013-01-20,0.9914
1015,2013-01-19,0.989
1016,2013-01-18,0.9861
1017,2013-01-17,0.9853
1018,2013-01-16,0.9843
1019,2013-01-15,0.9842
1020,2013-01-14,0.9842
1021,2013-01-13,0.9843
1022,2013-01-12,0.9835
1023,2013-01-11,0.9863
1024,2013-01-10,0.9869
1025,2013-01-09,0.9863
1026,2013-01-08,0.9868
1027,2013-01-07,0.987
1028,2013-01-06,0.987
1029,2013-01-05,0.9884
1030,2013-01-04,0.9858
1031,2013-01-03,0.9876
1032,2013-01-02,0.9948
1033,2013-01-01,0.9949
1034,2012-12-31,0.9966
1035,2012-12-30,0.9966
1036,2012-12-29,0.995
1037,2012-12-28,0.9931
1038,2012-12-27,0.9919
1039,2012-12-26,0.9911
1040,2012-12-25,0.9928
1041,2012-12-24,0.9931
1042,2012-12-23,0.9931
1043,2012-12-22,0.9907
1044,2012-12-21,0.9885
1045,2012-12-20,0.9863
1046,2012-12-19,0.9842
1047,2012-12-18,0.9857
1048,2012-12-17,0.9855
1049,2012-12-16,0.9855
1050,2012-12-15,0.9846
1051,2012-12-14,0.9841
1052,2012-12-13,0.9856
1053,2012-12-12,0.9867
1054,2012-12-11,0.9874
1055,2012-12-10,0.9881
1056,2012-12-09,0.9882
1057,2012-12-08,0.9908
1058,2012-12-07,0.9916
1059,2012-12-06,0.9921
1060,2012-12-05,0.994
1061,2012-12-04,0.9932
1062,2012-12-03,0.9941
1063,2012-12-02,0.9941
1064,2012-12-01,0.9929
1065,2012-11-30,0.9921
1066,2012-11-29,0.994
1067,2012-11-28,0.9928
1068,2012-11-27,0.9932
1069,2012-11-26,0.9927
1070,2012-11-25,0.9927
1071,2012-11-24,0.9961
1072,2012-11-23,0.9966
1073,2012-11-22,0.9973
1074,2012-11-21,0.9968
1075,2012-11-20,0.9989
1076,2012-11-19,1.001
1077,2012-11-18,1.001
1078,2012-11-17,1.0012
1079,2012-11-16,1.0023
1080,2012-11-15,1.0015
1081,2012-11-14,1.0008
1082,2012-11-13,0.9994
1083,2012-11-12,1.0013
1084,2012-11-11,1.0013
1085,2012-11-10,1.0001
1086,2012-11-09,0.9971
1087,2012-11-08,0.9923
1088,2012-11-07,0.9946
1089,2012-11-06,0.9958
1090,2012-11-05,0.9956
1091,2012-11-04,0.9956
1092,2012-11-03,0.9962
1093,2012-11-02,0.9991
1094,2012-11-01,0.9991
1095,2012-10-31,1.0004
1096,2012-10-30,0.9993
1097,2012-10-29,0.9968
1098,2012-10-28,0.9967
1099,2012-10-27,0.9961
1100,2012-10-26,0.993
1101,2012-10-25,0.992
1102,2012-10-24,0.9932
1103,2012-10-23,0.9936
1104,2012-10-22,0.9934
1105,2012-10-21,0.9933
1106,2012-10-20,0.988
1107,2012-10-19,0.9796
1108,2012-10-18,0.9838
1109,2012-10-17,0.9832
1110,2012-10-16,0.9793
1111,2012-10-15,0.9797
1112,2012-10-14,0.9799
1113,2012-10-13,0.9786
1114,2012-10-12,0.9799
1115,2012-10-11,0.9789
1116,2012-10-10,0.9765
1117,2012-10-09,0.9776
1118,2012-10-08,0.9783
1119,2012-10-07,0.9784
1120,2012-10-06,0.9792
1121,2012-10-05,0.9848
1122,2012-10-04,0.9859
1123,2012-10-03,0.9823
1124,2012-10-02,0.9832
1125,2012-10-01,0.9833
1126,2012-09-30,0.9833
1127,2012-09-29,0.9809
1128,2012-09-28,0.9829
1129,2012-09-27,0.9822
1130,2012-09-26,0.9788
1131,2012-09-25,0.979
1132,2012-09-24,0.976
1133,2012-09-23,0.976
1134,2012-09-22,0.9752
1135,2012-09-21,0.9775
1136,2012-09-20,0.9743
1137,2012-09-19,0.9747
1138,2012-09-18,0.9718
1139,2012-09-17,0.9716
1140,2012-09-16,0.9717
1141,2012-09-15,0.9675
1142,2012-09-14,0.9748
1143,2012-09-13,0.9737
1144,2012-09-12,0.9744
1145,2012-09-11,0.9775
1146,2012-09-10,0.9784
1147,2012-09-09,0.9786
1148,2012-09-08,0.9806
1149,2012-09-07,0.9875
1150,2012-09-06,0.9881
1151,2012-09-05,0.9857
1152,2012-09-04,0.9861
1153,2012-09-03,0.9861
1154,2012-09-02,0.986
1155,2012-09-01,0.9899
1156,2012-08-31,0.9909
1157,2012-08-30,0.9883
1158,2012-08-29,0.989
1159,2012-08-28,0.9906
1160,2012-08-27,0.9918
1161,2012-08-26,0.9918
1162,2012-08-25,0.993
1163,2012-08-24,0.991
1164,2012-08-23,0.9912
1165,2012-08-22,0.9871
1166,2012-08-21,0.9886
1167,2012-08-20,0.9891
1168,2012-08-19,0.9892
1169,2012-08-18,0.9876
1170,2012-08-17,0.9884
1171,2012-08-16,0.9913
1172,2012-08-15,0.9921
1173,2012-08-14,0.9918
1174,2012-08-13,0.9909
1175,2012-08-12,0.9908
1176,2012-08-11,0.9925
1177,2012-08-10,0.9935
1178,2012-08-09,0.9964
1179,2012-08-08,0.9987
1180,2012-08-07,1.0004
1181,2012-08-06,1.0011
1182,2012-08-05,1.0012
1183,2012-08-04,1.0032
1184,2012-08-03,1.005
1185,2012-08-02,1.0023
1186,2012-08-01,1.0016
1187,2012-07-31,1.0037
1188,2012-07-30,1.003
1189,2012-07-29,1.0029
1190,2012-07-28,1.0078
1191,2012-07-27,1.0125
1192,2012-07-26,1.0193
1193,2012-07-25,1.0192
1194,2012-07-24,1.0163
1195,2012-07-23,1.0127
1196,2012-07-22,1.0125
1197,2012-07-21,1.0094
1198,2012-07-20,1.0087
1199,2012-07-19,1.0122
1200,2012-07-18,1.0141
1201,2012-07-17,1.0148
1202,2012-07-16,1.0135
1203,2012-07-15,1.0135
1204,2012-07-14,1.017
1205,2012-07-13,1.0209
1206,2012-07-12,1.0205
1207,2012-07-11,1.0198
1208,2012-07-10,1.0197
1209,2012-07-09,1.0193
1210,2012-07-08,1.0192
1211,2012-07-07,1.0162
1212,2012-07-06,1.0131
1213,2012-07-05,1.0128
1214,2012-07-04,1.0147
1215,2012-07-03,1.0177
1216,2012-07-02,1.0161
1217,2012-07-01,1.0161
1218,2012-06-30,1.0248
1219,2012-06-29,1.0278
1220,2012-06-28,1.025
1221,2012-06-27,1.027
1222,2012-06-26,1.0279
1223,2012-06-25,1.0243
1224,2012-06-24,1.0241
1225,2012-06-23,1.0273
1226,2012-06-22,1.0223
1227,2012-06-21,1.0185
1228,2012-06-20,1.021
1229,2012-06-19,1.023
1230,2012-06-18,1.0211
1231,2012-06-17,1.0211
1232,2012-06-16,1.0233
1233,2012-06-15,1.0267
1234,2012-06-14,1.0268
1235,2012-06-13,1.0291
1236,2012-06-12,1.0243
1237,2012-06-11,1.026
1238,2012-06-10,1.0265
1239,2012-06-09,1.0309
1240,2012-06-08,1.0265
1241,2012-06-07,1.033
1242,2012-06-06,1.0387
1243,2012-06-05,1.0413
1244,2012-06-04,1.0404
1245,2012-06-03,1.0406
1246,2012-06-02,1.0371
1247,2012-06-01,1.0301
1248,2012-05-31,1.0265
1249,2012-05-30,1.0238
1250,2012-05-29,1.0246
1251,2012-05-28,1.0287
1252,2012-05-27,1.0288
1253,2012-05-26,1.0274
1254,2012-05-25,1.0257
1255,2012-05-24,1.0233
1256,2012-05-23,1.0177
1257,2012-05-22,1.0201
1258,2012-05-21,1.0218
1259,2012-05-20,1.0218
1260,2012-05-19,1.0195
1261,2012-05-18,1.0137
1262,2012-05-17,1.0092
1263,2012-05-16,1.0026
1264,2012-05-15,1.0019
1265,2012-05-14,1.0
1266,2012-05-13,1.0001
1267,2012-05-12,1.0018
1268,2012-05-11,1.0011
1269,2012-05-10,1.0016
1270,2012-05-09,0.9961
1271,2012-05-08,0.9957
1272,2012-05-07,0.9953
1273,2012-05-06,0.9954
1274,2012-05-05,0.9903
1275,2012-05-04,0.9861
1276,2012-05-03,0.9866
1277,2012-05-02,0.9868
1278,2012-05-01,0.9832
1279,2012-04-30,0.98
1280,2012-04-29,0.98
1281,2012-04-28,0.9836
1282,2012-04-27,0.9829
1283,2012-04-26,0.9859
1284,2012-04-25,0.9899
1285,2012-04-24,0.9942
1286,2012-04-23,0.9919
1287,2012-04-22,0.9919
1288,2012-04-21,0.9933
1289,2012-04-20,0.9916
1290,2012-04-19,0.9898
1291,2012-04-18,0.9955
1292,2012-04-17,0.9997
1293,2012-04-16,0.999
1294,2012-04-15,0.9991
1295,2012-04-14,0.9957
1296,2012-04-13,0.9996
1297,2012-04-12,1.0031
1298,2012-04-11,0.999
1299,2012-04-10,0.9972
1300,2012-04-09,0.9966
1301,2012-04-08,0.9966
1302,2012-04-07,0.9942
1303,2012-04-06,0.9954
1304,2012-04-05,0.9936
1305,2012-04-04,0.9905
1306,2012-04-03,0.9953
1307,2012-04-02,0.9979
1308,2012-04-01,0.9981
1309,2012-03-31,0.997
1310,2012-03-30,0.9987
1311,2012-03-29,0.9965
1312,2012-03-28,0.992
1313,2012-03-27,0.9958
1314,2012-03-26,0.9973
1315,2012-03-25,0.9973
1316,2012-03-24,0.9997
1317,2012-03-23,0.9954
1318,2012-03-22,0.9905
1319,2012-03-21,0.99
1320,2012-03-20,0.9903
1321,2012-03-19,0.9911
1322,2012-03-18,0.9912
1323,2012-03-17,0.9921
1324,2012-03-16,0.9928
1325,2012-03-15,0.9905
1326,2012-03-14,0.9907
1327,2012-03-13,0.992
1328,2012-03-12,0.9903
1329,2012-03-11,0.9902
1330,2012-03-10,0.9902
1331,2012-03-09,0.995
1332,2012-03-08,1.0003
1333,2012-03-07,0.9977
1334,2012-03-06,0.9919
1335,2012-03-05,0.9887
1336,2012-03-04,0.9888
1337,2012-03-03,0.9869
1338,2012-03-02,0.9874
1339,2012-03-01,0.9912
1340,2012-02-29,0.9966
1341,2012-02-28,1.0008
1342,2012-02-27,0.9989
1343,2012-02-26,0.9989
1344,2012-02-25,0.9979
1345,2012-02-24,0.9985
1346,2012-02-23,0.998
1347,2012-02-22,0.995
1348,2012-02-21,0.9926
1349,2012-02-20,0.9964
1350,2012-02-19,0.9968
1351,2012-02-18,0.996
1352,2012-02-17,1.0008
1353,2012-02-16,0.9969
1354,2012-02-15,1.0004
1355,2012-02-14,0.9992
1356,2012-02-13,1.0008
1357,2012-02-12,1.0008
1358,2012-02-11,0.9986
1359,2012-02-10,0.9954
1360,2012-02-09,0.9951
1361,2012-02-08,0.9961
1362,2012-02-07,0.9958
1363,2012-02-06,0.9932
1364,2012-02-05,0.9929
1365,2012-02-04,0.9981
1366,2012-02-03,0.9984
1367,2012-02-02,1.0006
1368,2012-02-01,1.0007
1369,2012-01-31,1.0038
1370,2012-01-30,1.0012
1371,2012-01-29,1.0012
1372,2012-01-28,1.0018
1373,2012-01-27,1.0018
1374,2012-01-26,1.0105
1375,2012-01-25,1.0095
1376,2012-01-24,1.0113
1377,2012-01-23,1.0129
1378,2012-01-22,1.0128
1379,2012-01-21,1.0131
1380,2012-01-20,1.0102
1381,2012-01-19,1.0142
1382,2012-01-18,1.0148
1383,2012-01-17,1.021
1384,2012-01-16,1.0228
1385,2012-01-15,1.0228
1386,2012-01-14,1.0199
1387,2012-01-13,1.0182
1388,2012-01-12,1.0174
1389,2012-01-11,1.0192
1390,2012-01-10,1.0283
1391,2012-01-09,1.028
1392,2012-01-08,1.028
1393,2012-01-07,1.0208
1394,2012-01-06,1.0158
1395,2012-01-05,1.0127
1396,2012-01-04,1.0132
1397,2012-01-03,1.0194
1398,2012-01-02,1.0213
1399,2012-01-01,1.0213
1400,2011-12-31,1.0197
1401,2011-12-30,1.0232
1402,2011-12-29,1.0194
1403,2011-12-28,1.0201
1404,2011-12-27,1.0201
1405,2011-12-26,1.0202
1406,2011-12-25,1.0201
1407,2011-12-24,1.0199
1408,2011-12-23,1.0248
1409,2011-12-22,1.0267
1410,2011-12-21,1.0339
1411,2011-12-20,1.0375
1412,2011-12-19,1.0379
1413,2011-12-18,1.0378
1414,2011-12-17,1.0339
1415,2011-12-16,1.037
1416,2011-12-15,1.0359
1417,2011-12-14,1.0272
1418,2011-12-13,1.0231
1419,2011-12-12,1.0169
1420,2011-12-11,1.0166
1421,2011-12-10,1.0222
1422,2011-12-09,1.012
1423,2011-12-08,1.0097
1424,2011-12-07,1.0162
1425,2011-12-06,1.0161
1426,2011-12-05,1.0187
1427,2011-12-04,1.0189
1428,2011-12-03,1.0144
1429,2011-12-02,1.0181
1430,2011-12-01,1.0271
1431,2011-11-30,1.032
1432,2011-11-29,1.0372
1433,2011-11-28,1.046
1434,2011-11-27,1.0465
1435,2011-11-26,1.0486
1436,2011-11-25,1.0465
1437,2011-11-24,1.0425
1438,2011-11-23,1.0378
1439,2011-11-22,1.0325
1440,2011-11-21,1.0272
1441,2011-11-20,1.0272
1442,2011-11-19,1.0269
1443,2011-11-18,1.0243
1444,2011-11-17,1.0236
1445,2011-11-16,1.0199
1446,2011-11-15,1.015
1447,2011-11-14,1.0098
1448,2011-11-13,1.0099
1449,2011-11-12,1.0175
1450,2011-11-11,1.0219
1451,2011-11-10,1.0145
1452,2011-11-09,1.014
1453,2011-11-08,1.017
1454,2011-11-07,1.0181
1455,2011-11-06,1.0183
1456,2011-11-05,1.0137
1457,2011-11-04,1.0144
1458,2011-11-03,1.0165
1459,2011-11-02,1.0083
1460,2011-11-01,0.9965
1461,2011-10-31,0.9913
1462,2011-10-30,0.9913
1463,2011-10-29,0.9926
1464,2011-10-28,0.9971
1465,2011-10-27,1.0127
1466,2011-10-26,1.0063
1467,2011-10-25,1.006
1468,2011-10-24,1.0066
1469,2011-10-23,1.0063
1470,2011-10-22,1.0133
1471,2011-10-21,1.019
1472,2011-10-20,1.0131
1473,2011-10-19,1.021
1474,2011-10-18,1.0123
1475,2011-10-17,1.0095
1476,2011-10-16,1.0093
1477,2011-10-15,1.0174
1478,2011-10-14,1.0202
1479,2011-10-13,1.0222
1480,2011-10-12,1.0292
1481,2011-10-11,1.031
1482,2011-10-10,1.0392
1483,2011-10-09,1.0391
1484,2011-10-08,1.0367
1485,2011-10-07,1.0416
1486,2011-10-06,1.051
1487,2011-10-05,1.0561
1488,2011-10-04,1.0489
1489,2011-10-03,1.0496
1490,2011-10-02,1.0497
1491,2011-10-01,1.0409
1492,2011-09-30,1.0326
1493,2011-09-29,1.024
1494,2011-09-28,1.0226
1495,2011-09-27,1.0314
1496,2011-09-26,1.0273
1497,2011-09-25,1.0274
1498,2011-09-24,1.0275
1499,2011-09-23,1.0199
1500,2011-09-22,0.996
1501,2011-09-21,0.9918
1502,2011-09-20,0.9852
1503,2011-09-19,0.9776
1504,2011-09-18,0.9775
1505,2011-09-17,0.9832
1506,2011-09-16,0.989
1507,2011-09-15,0.9896
1508,2011-09-14,0.9917
1509,2011-09-13,0.9977
1510,2011-09-12,0.9962
1511,2011-09-11,0.9962
1512,2011-09-10,0.9914
1513,2011-09-09,0.9854
1514,2011-09-08,0.9879
1515,2011-09-07,0.9907
1516,2011-09-06,0.9882
1517,2011-09-05,0.9846
1518,2011-09-04,0.9846
1519,2011-09-03,0.9789
1520,2011-09-02,0.977
1521,2011-09-01,0.978
1522,2011-08-31,0.9779
1523,2011-08-30,0.9784
1524,2011-08-29,0.9808
1525,2011-08-28,0.9809
1526,2011-08-27,0.9866
1527,2011-08-26,0.9866
1528,2011-08-25,0.9881
1529,2011-08-24,0.9885
1530,2011-08-23,0.9882
1531,2011-08-22,0.9896
1532,2011-08-21,0.9896
1533,2011-08-20,0.9892
1534,2011-08-19,0.9851
1535,2011-08-18,0.9812
1536,2011-08-17,0.9826
1537,2011-08-16,0.9862
1538,2011-08-15,0.9867
1539,2011-08-14,0.9866
1540,2011-08-13,0.9876
1541,2011-08-12,0.9907
1542,2011-08-11,0.9848
1543,2011-08-10,0.993
1544,2011-08-09,0.9851
1545,2011-08-08,0.9804
1546,2011-08-07,0.9805
1547,2011-08-06,0.9798
1548,2011-08-05,0.969
1549,2011-08-04,0.961
1550,2011-08-03,0.9573
1551,2011-08-02,0.9535
1552,2011-08-01,0.9547
1553,2011-07-31,0.9548
1554,2011-07-30,0.9523
1555,2011-07-29,0.9489
1556,2011-07-28,0.9445
1557,2011-07-27,0.944
1558,2011-07-26,0.9485
1559,2011-07-25,0.9474
1560,2011-07-24,0.9474
1561,2011-07-23,0.9464
1562,2011-07-22,0.9459
1563,2011-07-21,0.9487
1564,2011-07-20,0.955
1565,2011-07-19,0.9582
1566,2011-07-18,0.953
1567,2011-07-17,0.9529
1568,2011-07-16,0.9581
1569,2011-07-15,0.9585
1570,2011-07-14,0.9618
1571,2011-07-13,0.9697
1572,2011-07-12,0.9655
1573,2011-07-11,0.9616
1574,2011-07-10,0.9616
1575,2011-07-09,0.96
1576,2011-07-08,0.9627
1577,2011-07-07,0.9641
1578,2011-07-06,0.9615
1579,2011-07-05,0.9596
1580,2011-07-04,0.9582
1581,2011-07-03,0.9581
1582,2011-07-02,0.9623
1583,2011-07-01,0.9664
1584,2011-06-30,0.9765
1585,2011-06-29,0.9852
1586,2011-06-28,0.9885
1587,2011-06-27,0.9879
1588,2011-06-26,0.988
1589,2011-06-25,0.981
1590,2011-06-24,0.9759
1591,2011-06-23,0.9728
1592,2011-06-22,0.9762
1593,2011-06-21,0.9813
1594,2011-06-20,0.9791
1595,2011-06-19,0.9789
1596,2011-06-18,0.9817
1597,2011-06-17,0.982
1598,2011-06-16,0.9716
1599,2011-06-15,0.9727
1600,2011-06-14,0.9774
1601,2011-06-13,0.9796
1602,2011-06-12,0.9796
1603,2011-06-11,0.975
1604,2011-06-10,0.9776
1605,2011-06-09,0.978
1606,2011-06-08,0.9768
1607,2011-06-07,0.9792
1608,2011-06-06,0.9778
1609,2011-06-05,0.9778
1610,2011-06-04,0.9775
1611,2011-06-03,0.9775
1612,2011-06-02,0.9698
1613,2011-06-01,0.9715
1614,2011-05-31,0.9766
1615,2011-05-30,0.9758
1616,2011-05-29,0.9757
1617,2011-05-28,0.9772
1618,2011-05-27,0.978
1619,2011-05-26,0.9781
1620,2011-05-25,0.977
1621,2011-05-24,0.977
1622,2011-05-23,0.9736
1623,2011-05-22,0.9736
1624,2011-05-21,0.9688
1625,2011-05-20,0.9684
1626,2011-05-19,0.972
1627,2011-05-18,0.9747
1628,2011-05-17,0.9714
1629,2011-05-16,0.9681
1630,2011-05-15,0.9681
1631,2011-05-14,0.9648
1632,2011-05-13,0.9633
1633,2011-05-12,0.9565
1634,2011-05-11,0.9619
1635,2011-05-10,0.964
1636,2011-05-09,0.9661
1637,2011-05-08,0.9661
1638,2011-05-07,0.9648
1639,2011-05-06,0.9621
1640,2011-05-05,0.9545
1641,2011-05-04,0.9505
1642,2011-05-03,0.9482
1643,2011-05-02,0.9446
1644,2011-05-01,0.9445
1645,2011-04-30,0.95
1646,2011-04-29,0.9491
1647,2011-04-28,0.9518
1648,2011-04-27,0.9532
1649,2011-04-26,0.9528
1650,2011-04-25,0.9539
1651,2011-04-24,0.9539
1652,2011-04-23,0.953
1653,2011-04-22,0.95
1654,2011-04-21,0.9535
1655,2011-04-20,0.9613
1656,2011-04-19,0.9632
1657,2011-04-18,0.9587
1658,2011-04-17,0.9587
1659,2011-04-16,0.9617
1660,2011-04-15,0.9622
1661,2011-04-14,0.9619
1662,2011-04-13,0.9594
1663,2011-04-12,0.9557
1664,2011-04-11,0.9548
1665,2011-04-10,0.9548
1666,2011-04-09,0.9562
1667,2011-04-08,0.9599
1668,2011-04-07,0.9609
1669,2011-04-06,0.966
1670,2011-04-05,0.9645
1671,2011-04-04,0.9628
1672,2011-04-03,0.9627
1673,2011-04-02,0.9674
1674,2011-04-01,0.9705
1675,2011-03-31,0.9722
1676,2011-03-30,0.9761
1677,2011-03-29,0.979
1678,2011-03-28,0.98
1679,2011-03-27,0.98
1680,2011-03-26,0.9768
1681,2011-03-25,0.9786
1682,2011-03-24,0.9813
1683,2011-03-23,0.978
1684,2011-03-22,0.98
1685,2011-03-21,0.9839
1686,2011-03-20,0.9838
1687,2011-03-19,0.9834
1688,2011-03-18,0.9891
1689,2011-03-17,0.9858
1690,2011-03-16,0.9819
1691,2011-03-15,0.9735
1692,2011-03-14,0.9725
1693,2011-03-13,0.9726
1694,2011-03-12,0.9749
1695,2011-03-11,0.9711
1696,2011-03-10,0.9698
1697,2011-03-09,0.9726
1698,2011-03-08,0.972
1699,2011-03-07,0.9728
1700,2011-03-06,0.9717
1701,2011-03-05,0.9725
1702,2011-03-04,0.9732
1703,2011-03-03,0.9742
1704,2011-03-02,0.9719
1705,2011-03-01,0.9762
1706,2011-02-28,0.9771
1707,2011-02-27,0.9769
1708,2011-02-26,0.9812
1709,2011-02-25,0.9856
1710,2011-02-24,0.9899
1711,2011-02-23,0.9856
1712,2011-02-22,0.9847
1713,2011-02-21,0.9862
1714,2011-02-20,0.9862
1715,2011-02-19,0.9841
1716,2011-02-18,0.9842
1717,2011-02-17,0.9873
1718,2011-02-16,0.9876
1719,2011-02-15,0.9872
1720,2011-02-14,0.9869
1721,2011-02-13,0.9869
1722,2011-02-12,0.9941
1723,2011-02-11,0.9957
1724,2011-02-10,0.9942
1725,2011-02-09,0.9906
1726,2011-02-08,0.9877
1727,2011-02-07,0.987
1728,2011-02-06,0.9868
1729,2011-02-05,0.9892
1730,2011-02-04,0.9885
1731,2011-02-03,0.989
1732,2011-02-02,0.9968
1733,2011-02-01,1.0006
1734,2011-01-31,1.0007
1735,2011-01-30,1.0006
1736,2011-01-29,0.9963
1737,2011-01-28,0.9948
1738,2011-01-27,0.9962
1739,2011-01-26,0.9952
1740,2011-01-25,0.9944
1741,2011-01-24,0.9927
1742,2011-01-23,0.9927
1743,2011-01-22,0.9958
1744,2011-01-21,0.9977
1745,2011-01-20,0.9918
1746,2011-01-19,0.9875
1747,2011-01-18,0.9879
1748,2011-01-17,0.9902
1749,2011-01-16,0.9905
1750,2011-01-15,0.9911
1751,2011-01-14,0.9871
1752,2011-01-13,0.9878
1753,2011-01-12,0.9922
1754,2011-01-11,0.9941
1755,2011-01-10,0.993
1756,2011-01-09,0.993
1757,2011-01-08,0.9958
1758,2011-01-07,0.9954
1759,2011-01-06,0.9982
1760,2011-01-05,0.9947
1761,2011-01-04,0.9924
1762,2011-01-03,0.9968
1763,2011-01-02,0.9971
1764,2011-01-01,0.998
1765,2010-12-31,0.9999
1766,2010-12-30,1.0001
1767,2010-12-29,1.0029
1768,2010-12-28,1.0078
1769,2010-12-27,1.0079
1770,2010-12-26,1.0079
1771,2010-12-25,1.0077
1772,2010-12-24,1.0121
1773,2010-12-23,1.0155
1774,2010-12-22,1.0173
1775,2010-12-21,1.0139
1776,2010-12-20,1.0132
1777,2010-12-19,1.0136
1778,2010-12-18,1.0074
1779,2010-12-17,1.0049
1780,2010-12-16,1.006
1781,2010-12-15,1.0069
1782,2010-12-14,1.0081
1783,2010-12-13,1.0085
1784,2010-12-12,1.0086
1785,2010-12-11,1.0097
1786,2010-12-10,1.0102
1787,2010-12-09,1.0112
1788,2010-12-08,1.0053
1789,2010-12-07,1.005
1790,2010-12-06,1.0035
1791,2010-12-05,1.0036
1792,2010-12-04,1.0035
1793,2010-12-03,1.0124
1794,2010-12-02,1.0215
1795,2010-12-01,1.0216
1796,2010-11-30,1.0201
1797,2010-11-29,1.0202
1798,2010-11-28,1.0209
1799,2010-11-27,1.0155
1800,2010-11-26,1.0097
1801,2010-11-25,1.0173
1802,2010-11-24,1.0204
1803,2010-11-23,1.0157
1804,2010-11-22,1.0165
1805,2010-11-21,1.0165
1806,2010-11-20,1.0194
1807,2010-11-19,1.0198
1808,2010-11-18,1.0218
1809,2010-11-17,1.0136
1810,2010-11-16,1.0099
1811,2010-11-15,1.0118
1812,2010-11-14,1.0118
1813,2010-11-13,1.0081
1814,2010-11-12,1.0017
1815,2010-11-11,1.0042
1816,2010-11-10,1.0027
1817,2010-11-09,1.0022
1818,2010-11-08,0.9996
1819,2010-11-07,0.9996
1820,2010-11-06,1.0022
1821,2010-11-05,1.0051
1822,2010-11-04,1.0085
1823,2010-11-03,1.0112
1824,2010-11-02,1.017
1825,2010-11-01,1.019
1826,2010-10-31,1.0189
1827,2010-10-30,1.0205
1828,2010-10-29,1.0237
1829,2010-10-28,1.0292
1830,2010-10-27,1.022
1831,2010-10-26,1.0189
1832,2010-10-25,1.0252
1833,2010-10-24,1.0252
1834,2010-10-23,1.0261
1835,2010-10-22,1.0227
1836,2010-10-21,1.0268
1837,2010-10-20,1.0262
1838,2010-10-19,1.0174
1839,2010-10-18,1.01
1840,2010-10-17,1.0098
1841,2010-10-16,1.0076
1842,2010-10-15,1.0019
1843,2010-10-14,1.0051
1844,2010-10-13,1.0135
1845,2010-10-12,1.0118
1846,2010-10-11,1.0105
1847,2010-10-10,1.0106
1848,2010-10-09,1.0158
1849,2010-10-08,1.0132
1850,2010-10-07,1.0122
1851,2010-10-06,1.0198
1852,2010-10-05,1.0214
1853,2010-10-04,1.0192
1854,2010-10-03,1.0192
1855,2010-10-02,1.0254
1856,2010-10-01,1.0301
1857,2010-09-30,1.029
1858,2010-09-29,1.0315
1859,2010-09-28,1.0251
1860,2010-09-27,1.0236
1861,2010-09-26,1.0236
1862,2010-09-25,1.0286
1863,2010-09-24,1.0322
1864,2010-09-23,1.0263
1865,2010-09-22,1.0293
1866,2010-09-21,1.03
1867,2010-09-20,1.0327
1868,2010-09-19,1.0328
1869,2010-09-18,1.0269
1870,2010-09-17,1.0265
1871,2010-09-16,1.0285
1872,2010-09-15,1.0266
1873,2010-09-14,1.0298
1874,2010-09-13,1.0362
1875,2010-09-12,1.0365
1876,2010-09-11,1.0333
1877,2010-09-10,1.0344
1878,2010-09-09,1.0426
1879,2010-09-08,1.0421
1880,2010-09-07,1.0358
1881,2010-09-06,1.0385
1882,2010-09-05,1.0383
1883,2010-09-04,1.0475
1884,2010-09-03,1.052
1885,2010-09-02,1.0565
1886,2010-09-01,1.0627
1887,2010-08-31,1.0527
1888,2010-08-30,1.0503
1889,2010-08-29,1.0503
1890,2010-08-28,1.0568
1891,2010-08-27,1.056
1892,2010-08-26,1.0616
1893,2010-08-25,1.059
1894,2010-08-24,1.0487
1895,2010-08-23,1.0471
1896,2010-08-22,1.047
1897,2010-08-21,1.0456
1898,2010-08-20,1.033
1899,2010-08-19,1.0302
1900,2010-08-18,1.0362
1901,2010-08-17,1.042
1902,2010-08-16,1.0413
1903,2010-08-15,1.0413
1904,2010-08-14,1.0394
1905,2010-08-13,1.0454
1906,2010-08-12,1.0402
1907,2010-08-11,1.0334
1908,2010-08-10,1.0273
1909,2010-08-09,1.0267
1910,2010-08-08,1.0268
1911,2010-08-07,1.0221
1912,2010-08-06,1.0147
1913,2010-08-05,1.0217
1914,2010-08-04,1.0238
1915,2010-08-03,1.0236
1916,2010-08-02,1.0291
1917,2010-08-01,1.0292
1918,2010-07-31,1.032
1919,2010-07-30,1.0341
1920,2010-07-29,1.0341
1921,2010-07-28,1.0321
1922,2010-07-27,1.0339
1923,2010-07-26,1.0355
1924,2010-07-25,1.0354
1925,2010-07-24,1.0382
1926,2010-07-23,1.0415
1927,2010-07-22,1.0409
1928,2010-07-21,1.0512
1929,2010-07-20,1.0537
1930,2010-07-19,1.0571
1931,2010-07-18,1.0572
1932,2010-07-17,1.0474
1933,2010-07-16,1.0357
1934,2010-07-15,1.0323
1935,2010-07-14,1.033
1936,2010-07-13,1.0342
1937,2010-07-12,1.0333
1938,2010-07-11,1.0333
1939,2010-07-10,1.0366
1940,2010-07-09,1.0443
1941,2010-07-08,1.0542
1942,2010-07-07,1.0569
1943,2010-07-06,1.0634
1944,2010-07-05,1.0618
1945,2010-07-04,1.0619
1946,2010-07-03,1.0617
1947,2010-07-02,1.0629
1948,2010-07-01,1.0556
1949,2010-06-30,1.048
1950,2010-06-29,1.0347
1951,2010-06-28,1.0347
1952,2010-06-27,1.0348
1953,2010-06-26,1.0394
1954,2010-06-25,1.0413
1955,2010-06-24,1.0358
1956,2010-06-23,1.023
1957,2010-06-22,1.0183
1958,2010-06-21,1.0211
1959,2010-06-20,1.0212
1960,2010-06-19,1.0259
1961,2010-06-18,1.0269
1962,2010-06-17,1.0264
1963,2010-06-16,1.0293
1964,2010-06-15,1.0288
1965,2010-06-14,1.0318
1966,2010-06-13,1.0319
1967,2010-06-12,1.0339
1968,2010-06-11,1.0349
1969,2010-06-10,1.0446
1970,2010-06-09,1.0537
1971,2010-06-08,1.0592
1972,2010-06-07,1.0621
1973,2010-06-06,1.0621
1974,2010-06-05,1.0467
1975,2010-06-04,1.0387
1976,2010-06-03,1.0476
1977,2010-06-02,1.0489
1978,2010-06-01,1.0472
1979,2010-05-31,1.054
1980,2010-05-30,1.0542
1981,2010-05-29,1.0493
1982,2010-05-28,1.0547
1983,2010-05-27,1.0669
1984,2010-05-26,1.0766
1985,2010-05-25,1.0586
1986,2010-05-24,1.0592
1987,2010-05-23,1.0592
1988,2010-05-22,1.0642
1989,2010-05-21,1.0594
1990,2010-05-20,1.0457
1991,2010-05-19,1.0315
1992,2010-05-18,1.0371
1993,2010-05-17,1.0347
1994,2010-05-16,1.0349
1995,2010-05-15,1.028
1996,2010-05-14,1.0153
1997,2010-05-13,1.0185
1998,2010-05-12,1.0228
1999,2010-05-11,1.0253
2000,2010-05-10,1.0429
2001,2010-05-09,1.0434
2002,2010-05-08,1.0458
2003,2010-05-07,1.0388
2004,2010-05-06,1.0276
2005,2010-05-05,1.0187
2006,2010-05-04,1.0139
2007,2010-05-03,1.0173
2008,2010-05-02,1.0174
2009,2010-05-01,1.0086
2010,2010-04-30,1.0056
2011,2010-04-29,1.0132
2012,2010-04-28,1.0069
2013,2010-04-27,0.9995
2014,2010-04-26,0.9989
2015,2010-04-25,0.9988
2016,2010-04-24,1.0014
2017,2010-04-23,0.9994
2018,2010-04-22,0.9966
2019,2010-04-21,1.0058
2020,2010-04-20,1.0171
2021,2010-04-19,1.0125
2022,2010-04-18,1.0124
2023,2010-04-17,1.0068
2024,2010-04-16,0.9993
2025,2010-04-15,0.9981
2026,2010-04-14,1.0032
2027,2010-04-13,1.0047
2028,2010-04-12,1.0019
2029,2010-04-11,1.002
2030,2010-04-10,1.0031
2031,2010-04-09,1.0058
2032,2010-04-08,1.001
2033,2010-04-07,1.0009
2034,2010-04-06,1.0048
2035,2010-04-05,1.0106
2036,2010-04-04,1.0107
2037,2010-04-03,1.0105
2038,2010-04-02,1.0102
2039,2010-04-01,1.0159
2040,2010-03-31,1.0188
2041,2010-03-30,1.0214
2042,2010-03-29,1.026
2043,2010-03-28,1.0263
2044,2010-03-27,1.026
2045,2010-03-26,1.0212
2046,2010-03-25,1.022
2047,2010-03-24,1.0183
2048,2010-03-23,1.0187
2049,2010-03-22,1.0167
2050,2010-03-21,1.0165
2051,2010-03-20,1.015
2052,2010-03-19,1.0118
2053,2010-03-18,1.0109
2054,2010-03-17,1.0163
2055,2010-03-16,1.0192
2056,2010-03-15,1.0187
2057,2010-03-14,1.0188
2058,2010-03-13,1.0196
2059,2010-03-12,1.0264
2060,2010-03-11,1.0261
2061,2010-03-10,1.0274
2062,2010-03-09,1.0272
2063,2010-03-08,1.0284
2064,2010-03-07,1.0284
2065,2010-03-06,1.0301
2066,2010-03-05,1.0309
2067,2010-03-04,1.0324
2068,2010-03-03,1.0365
2069,2010-03-02,1.0481
2070,2010-03-01,1.0515
2071,2010-02-28,1.0513
2072,2010-02-27,1.0564
2073,2010-02-26,1.06
2074,2010-02-25,1.0549
2075,2010-02-24,1.0468
2076,2010-02-23,1.0401
2077,2010-02-22,1.0386
2078,2010-02-21,1.0387
2079,2010-02-20,1.0468
2080,2010-02-19,1.0448
2081,2010-02-18,1.0443
2082,2010-02-17,1.0448
2083,2010-02-16,1.0492
2084,2010-02-15,1.0499
2085,2010-02-14,1.0498
2086,2010-02-13,1.0519
2087,2010-02-12,1.0574
2088,2010-02-11,1.0666
2089,2010-02-10,1.0709
2090,2010-02-09,1.0699
2091,2010-02-08,1.0708
2092,2010-02-07,1.0711
2093,2010-02-06,1.0728
2094,2010-02-05,1.0644
2095,2010-02-04,1.0582
2096,2010-02-03,1.0602
2097,2010-02-02,1.0679
2098,2010-02-01,1.0699
2099,2010-01-31,1.0699
2100,2010-01-30,1.0665
2101,2010-01-29,1.0615
2102,2010-01-28,1.0642
2103,2010-01-27,1.0606
2104,2010-01-26,1.0568
2105,2010-01-25,1.057
2106,2010-01-24,1.0573
2107,2010-01-23,1.052
2108,2010-01-22,1.0475
2109,2010-01-21,1.0391
2110,2010-01-20,1.0283
2111,2010-01-19,1.0276
2112,2010-01-18,1.0288
2113,2010-01-17,1.0286
2114,2010-01-16,1.0264
2115,2010-01-15,1.0291
2116,2010-01-14,1.0361
2117,2010-01-13,1.0353
2118,2010-01-12,1.0287
2119,2010-01-11,1.0293
2120,2010-01-10,1.0293
2121,2010-01-09,1.0338
2122,2010-01-08,1.033
2123,2010-01-07,1.0369
2124,2010-01-06,1.0387
2125,2010-01-05,1.0433
2126,2010-01-04,1.0526
2127,2010-01-03,1.0512
2128,2010-01-02,1.0528
2129,2010-01-01,1.0505
2130,2009-12-31,1.0491
2131,2009-12-30,1.0418
2132,2009-12-29,1.0465
2133,2009-12-28,1.049
2134,2009-12-27,1.049
2135,2009-12-26,1.0489
2136,2009-12-25,1.0482
2137,2009-12-24,1.0535
2138,2009-12-23,1.0593
2139,2009-12-22,1.0637
2140,2009-12-21,1.0659
2141,2009-12-20,1.0659
2142,2009-12-19,1.0674
2143,2009-12-18,1.068
2144,2009-12-17,1.0605
2145,2009-12-16,1.06
2146,2009-12-15,1.0604
2147,2009-12-14,1.0596
2148,2009-12-13,1.0597
2149,2009-12-12,1.0529
2150,2009-12-11,1.0534
2151,2009-12-10,1.0606
2152,2009-12-09,1.0547
2153,2009-12-08,1.0556
2154,2009-12-07,1.0573
2155,2009-12-06,1.0575
2156,2009-12-05,1.0544
2157,2009-12-04,1.0508
2158,2009-12-03,1.0462
2159,2009-12-02,1.0495
2160,2009-12-01,1.0569
2161,2009-11-30,1.061
2162,2009-11-29,1.0614
2163,2009-11-28,1.0651
2164,2009-11-27,1.0525
2165,2009-11-26,1.0526
2166,2009-11-25,1.0592
2167,2009-11-24,1.0613
2168,2009-11-23,1.0705
2169,2009-11-22,1.0706
2170,2009-11-21,1.0668
2171,2009-11-20,1.0602
2172,2009-11-19,1.0512
2173,2009-11-18,1.0521
2174,2009-11-17,1.0478
2175,2009-11-16,1.0515
2176,2009-11-15,1.0512
2177,2009-11-14,1.0529
2178,2009-11-13,1.0475
2179,2009-11-12,1.0472
2180,2009-11-11,1.0559
2181,2009-11-10,1.0643
2182,2009-11-09,1.0747
2183,2009-11-08,1.0748
2184,2009-11-07,1.0676
2185,2009-11-06,1.0643
2186,2009-11-05,1.0639
2187,2009-11-04,1.0764
2188,2009-11-03,1.0798
2189,2009-11-02,1.0838
2190,2009-11-01,1.0842
2191,2009-10-31,1.072
2192,2009-10-30,1.0754
2193,2009-10-29,1.0705
2194,2009-10-28,1.0674
2195,2009-10-27,1.0557
2196,2009-10-26,1.0532
2197,2009-10-25,1.0531
2198,2009-10-24,1.0499
2199,2009-10-23,1.0476
2200,2009-10-22,1.048
2201,2009-10-21,1.0353
2202,2009-10-20,1.0354
2203,2009-10-19,1.0366
2204,2009-10-18,1.0366
2205,2009-10-17,1.0349
2206,2009-10-16,1.0265
2207,2009-10-15,1.0285
2208,2009-10-14,1.0331
2209,2009-10-13,1.0384
2210,2009-10-12,1.0418
2211,2009-10-11,1.0418
2212,2009-10-10,1.0494
2213,2009-10-09,1.0558
2214,2009-10-08,1.0593
2215,2009-10-07,1.0647
2216,2009-10-06,1.0749
2217,2009-10-05,1.0796
2218,2009-10-04,1.0793
2219,2009-10-03,1.085
2220,2009-10-02,1.0731
2221,2009-10-01,1.0768
2222,2009-09-30,1.0856
2223,2009-09-29,1.0929
2224,2009-09-28,1.0905
2225,2009-09-27,1.0905
2226,2009-09-26,1.0906
2227,2009-09-25,1.0785
2228,2009-09-24,1.0693
2229,2009-09-23,1.0719
2230,2009-09-22,1.0747
2231,2009-09-21,1.0687
2232,2009-09-20,1.0687
2233,2009-09-19,1.0691
2234,2009-09-18,1.0644
2235,2009-09-17,1.0697
2236,2009-09-16,1.0812
2237,2009-09-15,1.0844
2238,2009-09-14,1.0762
2239,2009-09-13,1.0762
2240,2009-09-12,1.0765
2241,2009-09-11,1.0807
2242,2009-09-10,1.0788
2243,2009-09-09,1.0754
2244,2009-09-08,1.0803
2245,2009-09-07,1.0881
2246,2009-09-06,1.0883
2247,2009-09-05,1.0959
2248,2009-09-04,1.1027
2249,2009-09-03,1.1039
2250,2009-09-02,1.0958
2251,2009-09-01,1.0969
2252,2009-08-31,1.091
2253,2009-08-30,1.091
2254,2009-08-29,1.0868
2255,2009-08-28,1.0957
2256,2009-08-27,1.0909
2257,2009-08-26,1.0785
2258,2009-08-25,1.0779
2259,2009-08-24,1.0807
2260,2009-08-23,1.0807
2261,2009-08-22,1.0856
2262,2009-08-21,1.0942
2263,2009-08-20,1.1026
2264,2009-08-19,1.1048
2265,2009-08-18,1.1059
2266,2009-08-17,1.0978
2267,2009-08-16,1.0977
2268,2009-08-15,1.0894
2269,2009-08-14,1.0872
2270,2009-08-13,1.0982
2271,2009-08-12,1.0939
2272,2009-08-11,1.0837
2273,2009-08-10,1.0809
2274,2009-08-09,1.0808
2275,2009-08-08,1.0796
2276,2009-08-07,1.0725
2277,2009-08-06,1.0728
2278,2009-08-05,1.0682
2279,2009-08-04,1.0723
2280,2009-08-03,1.0771
2281,2009-08-02,1.0771
2282,2009-08-01,1.0803
2283,2009-07-31,1.0859
2284,2009-07-30,1.0851
2285,2009-07-29,1.081
2286,2009-07-28,1.0832
2287,2009-07-27,1.0862
2288,2009-07-26,1.0862
2289,2009-07-25,1.0867
2290,2009-07-24,1.0956
2291,2009-07-23,1.1037
2292,2009-07-22,1.1061
2293,2009-07-21,1.1077
2294,2009-07-20,1.1132
2295,2009-07-19,1.113
2296,2009-07-18,1.1172
2297,2009-07-17,1.1181
2298,2009-07-16,1.1273
2299,2009-07-15,1.1455
2300,2009-07-14,1.1608
2301,2009-07-13,1.1634
2302,2009-07-12,1.1634
2303,2009-07-11,1.1626
2304,2009-07-10,1.1614
2305,2009-07-09,1.1652
2306,2009-07-08,1.1605
2307,2009-07-07,1.1623
2308,2009-07-06,1.1603
2309,2009-07-05,1.1602
2310,2009-07-04,1.1599
2311,2009-07-03,1.1531
2312,2009-07-02,1.1558
2313,2009-07-01,1.1567
2314,2009-06-30,1.1554
2315,2009-06-29,1.1522
2316,2009-06-28,1.1522
2317,2009-06-27,1.1515
2318,2009-06-26,1.1564
2319,2009-06-25,1.1477
2320,2009-06-24,1.1528
2321,2009-06-23,1.1433
2322,2009-06-22,1.134
2323,2009-06-21,1.1339
2324,2009-06-20,1.1313
2325,2009-06-19,1.1311
2326,2009-06-18,1.1341
2327,2009-06-17,1.1312
2328,2009-06-16,1.1272
2329,2009-06-15,1.1185
2330,2009-06-14,1.1185
2331,2009-06-13,1.112
2332,2009-06-12,1.1032
2333,2009-06-11,1.1044
2334,2009-06-10,1.1095
2335,2009-06-09,1.1198
2336,2009-06-08,1.1185
2337,2009-06-07,1.1185
2338,2009-06-06,1.1045
2339,2009-06-05,1.1058
2340,2009-06-04,1.0883
2341,2009-06-03,1.0879
2342,2009-06-02,1.0865
2343,2009-06-01,1.0912
2344,2009-05-31,1.0913
2345,2009-05-30,1.0994
2346,2009-05-29,1.1185
2347,2009-05-28,1.1145
2348,2009-05-27,1.1253
2349,2009-05-26,1.124
2350,2009-05-25,1.119
2351,2009-05-24,1.1189
2352,2009-05-23,1.1291
2353,2009-05-22,1.1407
2354,2009-05-21,1.1504
2355,2009-05-20,1.1594
2356,2009-05-19,1.1721
2357,2009-05-18,1.1772
2358,2009-05-17,1.1771
2359,2009-05-16,1.1728
2360,2009-05-15,1.1734
2361,2009-05-14,1.1624
2362,2009-05-13,1.1634
2363,2009-05-12,1.154
2364,2009-05-11,1.1493
2365,2009-05-10,1.1493
2366,2009-05-09,1.1607
2367,2009-05-08,1.169
2368,2009-05-07,1.1752
2369,2009-05-06,1.1736
2370,2009-05-05,1.1821
2371,2009-05-04,1.185
2372,2009-05-03,1.185
2373,2009-05-02,1.1897
2374,2009-05-01,1.1957
2375,2009-04-30,1.21
2376,2009-04-29,1.2206
2377,2009-04-28,1.2147
2378,2009-04-27,1.2091
2379,2009-04-26,1.21
2380,2009-04-25,1.2188
2381,2009-04-24,1.2354
2382,2009-04-23,1.2385
2383,2009-04-22,1.2383
2384,2009-04-21,1.2234
2385,2009-04-20,1.2127
2386,2009-04-19,1.2127
2387,2009-04-18,1.2117
2388,2009-04-17,1.2052
2389,2009-04-16,1.2128
2390,2009-04-15,1.2178
2391,2009-04-14,1.2241
2392,2009-04-13,1.2251
2393,2009-04-12,1.2253
2394,2009-04-11,1.2263
2395,2009-04-10,1.2325
2396,2009-04-09,1.2382
2397,2009-04-08,1.2411
2398,2009-04-07,1.2308
2399,2009-04-06,1.2292
2400,2009-04-05,1.2292
2401,2009-04-04,1.2376
2402,2009-04-03,1.2512
2403,2009-04-02,1.2649
2404,2009-04-01,1.257
2405,2009-03-31,1.2489
2406,2009-03-30,1.2413
2407,2009-03-29,1.2413
2408,2009-03-28,1.2325
2409,2009-03-27,1.2296
2410,2009-03-26,1.23
2411,2009-03-25,1.2235
2412,2009-03-24,1.2337
2413,2009-03-23,1.2401
2414,2009-03-22,1.2401
2415,2009-03-21,1.2387
2416,2009-03-20,1.2408
2417,2009-03-19,1.2675
2418,2009-03-18,1.271
2419,2009-03-17,1.2711
2420,2009-03-16,1.2712
2421,2009-03-15,1.2713
2422,2009-03-14,1.2745
2423,2009-03-13,1.287
2424,2009-03-12,1.2825
2425,2009-03-11,1.2902
2426,2009-03-10,1.2899
2427,2009-03-09,1.2867
2428,2009-03-08,1.2868
2429,2009-03-07,1.2842
2430,2009-03-06,1.2805
2431,2009-03-05,1.2891
2432,2009-03-04,1.289
2433,2009-03-03,1.281
2434,2009-03-02,1.2762
2435,2009-03-01,1.2759
2436,2009-02-28,1.2595
2437,2009-02-27,1.2514
2438,2009-02-26,1.2465
2439,2009-02-25,1.2484
2440,2009-02-24,1.2485
2441,2009-02-23,1.2514
2442,2009-02-22,1.2514
2443,2009-02-21,1.2577
2444,2009-02-20,1.2554
2445,2009-02-19,1.2616
2446,2009-02-18,1.2549
2447,2009-02-17,1.243
2448,2009-02-16,1.2352
2449,2009-02-15,1.2348
2450,2009-02-14,1.2389
2451,2009-02-13,1.2439
2452,2009-02-12,1.2442
2453,2009-02-11,1.2258
2454,2009-02-10,1.2222
2455,2009-02-09,1.2189
2456,2009-02-08,1.2189
2457,2009-02-07,1.2367
2458,2009-02-06,1.2306
2459,2009-02-05,1.2324
2460,2009-02-04,1.2422
2461,2009-02-03,1.2357
2462,2009-02-02,1.229
2463,2009-02-01,1.229
2464,2009-01-31,1.2302
2465,2009-01-30,1.2175
2466,2009-01-29,1.2203
2467,2009-01-28,1.2239
2468,2009-01-27,1.2281
2469,2009-01-26,1.2308
2470,2009-01-25,1.2307
2471,2009-01-24,1.2527
2472,2009-01-23,1.2593
2473,2009-01-22,1.2645
2474,2009-01-21,1.2593
2475,2009-01-20,1.245
2476,2009-01-19,1.2426
2477,2009-01-18,1.2428
2478,2009-01-17,1.2457
2479,2009-01-16,1.2491
2480,2009-01-15,1.2259
2481,2009-01-14,1.2222
2482,2009-01-13,1.1973
2483,2009-01-12,1.1852
2484,2009-01-11,1.1852
2485,2009-01-10,1.1856
2486,2009-01-09,1.1942
2487,2009-01-08,1.1851
2488,2009-01-07,1.1883
2489,2009-01-06,1.2062
2490,2009-01-05,1.2039
2491,2009-01-04,1.2039
2492,2009-01-03,1.2186
2493,2009-01-02,1.2195
2494,2009-01-01,1.2184
2495,2008-12-31,1.222
2496,2008-12-30,1.2155
2497,2008-12-29,1.2209
2498,2008-12-28,1.2209
2499,2008-12-27,1.2176
2500,2008-12-26,1.2148
2501,2008-12-25,1.216
2502,2008-12-24,1.2185
2503,2008-12-23,1.2129
2504,2008-12-22,1.2146
2505,2008-12-21,1.215
2506,2008-12-20,1.2147
2507,2008-12-19,1.1925
2508,2008-12-18,1.2034
2509,2008-12-17,1.2306
2510,2008-12-16,1.2367
2511,2008-12-15,1.248
2512,2008-12-14,1.2467
2513,2008-12-13,1.2446
2514,2008-12-12,1.2457
2515,2008-12-11,1.2586
2516,2008-12-10,1.2565
2517,2008-12-09,1.261
2518,2008-12-08,1.2696
2519,2008-12-07,1.2699
2520,2008-12-06,1.2819
2521,2008-12-05,1.2594
2522,2008-12-04,1.2535
2523,2008-12-03,1.2452
2524,2008-12-02,1.2409
2525,2008-12-01,1.2387
2526,2008-11-30,1.2387
2527,2008-11-29,1.236
2528,2008-11-28,1.2296
2529,2008-11-27,1.2293
2530,2008-11-26,1.2348
2531,2008-11-25,1.2612
2532,2008-11-24,1.266
2533,2008-11-23,1.2668
2534,2008-11-22,1.2854
2535,2008-11-21,1.2616
2536,2008-11-20,1.2345
2537,2008-11-19,1.2288
2538,2008-11-18,1.232
2539,2008-11-17,1.236
2540,2008-11-16,1.2353
2541,2008-11-15,1.2185
2542,2008-11-14,1.2346
2543,2008-11-13,1.2108
2544,2008-11-12,1.1965
2545,2008-11-11,1.1797
2546,2008-11-10,1.1884
2547,2008-11-09,1.1886
2548,2008-11-08,1.1922
2549,2008-11-07,1.1733
2550,2008-11-06,1.1558
2551,2008-11-05,1.1748
2552,2008-11-04,1.1969
2553,2008-11-03,1.2104
2554,2008-11-02,1.2104
2555,2008-11-01,1.2176
2556,2008-10-31,1.2083
2557,2008-10-30,1.2598
2558,2008-10-29,1.2922
2559,2008-10-28,1.2821
2560,2008-10-27,1.2767
2561,2008-10-26,1.2777
2562,2008-10-25,1.2702
2563,2008-10-24,1.2589
2564,2008-10-23,1.2329
2565,2008-10-22,1.2007
2566,2008-10-21,1.1843
2567,2008-10-20,1.1805
2568,2008-10-19,1.1807
2569,2008-10-18,1.1828
2570,2008-10-17,1.1897
2571,2008-10-16,1.1668
2572,2008-10-15,1.1448
2573,2008-10-14,1.1665
2574,2008-10-13,1.1724
2575,2008-10-12,1.1731
2576,2008-10-11,1.1729
2577,2008-10-10,1.129
2578,2008-10-09,1.1093
2579,2008-10-08,1.1016
2580,2008-10-07,1.0911
2581,2008-10-06,1.0822
2582,2008-10-05,1.0821
2583,2008-10-04,1.0784
2584,2008-10-03,1.068
2585,2008-10-02,1.0611
2586,2008-10-01,1.0508
2587,2008-09-30,1.0378
2588,2008-09-29,1.0332
2589,2008-09-28,1.0332
2590,2008-09-27,1.0342
2591,2008-09-26,1.0352
2592,2008-09-25,1.0349
2593,2008-09-24,1.0347
2594,2008-09-23,1.0439
2595,2008-09-22,1.0456
2596,2008-09-21,1.0457
2597,2008-09-20,1.057
2598,2008-09-19,1.067
2599,2008-09-18,1.0691
2600,2008-09-17,1.0705
2601,2008-09-16,1.0652
2602,2008-09-15,1.0596
2603,2008-09-14,1.0597
2604,2008-09-13,1.0695
2605,2008-09-12,1.0752
2606,2008-09-11,1.0694
2607,2008-09-10,1.0655
2608,2008-09-09,1.0613
2609,2008-09-08,1.0619
2610,2008-09-07,1.0619
2611,2008-09-06,1.067
2612,2008-09-05,1.0614
2613,2008-09-04,1.0685
2614,2008-09-03,1.0692
2615,2008-09-02,1.0656
2616,2008-09-01,1.0634
2617,2008-08-31,1.0635
2618,2008-08-30,1.0534
2619,2008-08-29,1.0468
2620,2008-08-28,1.046
2621,2008-08-27,1.0504
2622,2008-08-26,1.0485
2623,2008-08-25,1.0466
2624,2008-08-24,1.0467
2625,2008-08-23,1.045
2626,2008-08-22,1.0549
2627,2008-08-21,1.0618
2628,2008-08-20,1.064
2629,2008-08-19,1.0592
2630,2008-08-18,1.0587
2631,2008-08-17,1.0587
2632,2008-08-16,1.0646
2633,2008-08-15,1.0621
2634,2008-08-14,1.0655
2635,2008-08-13,1.0678
2636,2008-08-12,1.0665
2637,2008-08-11,1.0661
2638,2008-08-10,1.0661
2639,2008-08-09,1.0592
2640,2008-08-08,1.0482
2641,2008-08-07,1.0439
2642,2008-08-06,1.0405
2643,2008-08-05,1.0294
2644,2008-08-04,1.0267
2645,2008-08-03,1.0268
2646,2008-08-02,1.0268
2647,2008-08-01,1.0234
2648,2008-07-31,1.0235
2649,2008-07-30,1.0229
2650,2008-07-29,1.0199
2651,2008-07-28,1.0192
2652,2008-07-27,1.0192
2653,2008-07-26,1.0156
2654,2008-07-25,1.0104
2655,2008-07-24,1.0087
2656,2008-07-23,1.0032
2657,2008-07-22,1.0047
2658,2008-07-21,1.0053
2659,2008-07-20,1.0053
2660,2008-07-19,1.0054
2661,2008-07-18,1.0016
2662,2008-07-17,1.0016
2663,2008-07-16,1.0028
2664,2008-07-15,1.0082
2665,2008-07-14,1.0087
2666,2008-07-13,1.0088
2667,2008-07-12,1.0101
2668,2008-07-11,1.0111
2669,2008-07-10,1.0156
2670,2008-07-09,1.0186
2671,2008-07-08,1.0194
2672,2008-07-07,1.0191
2673,2008-07-06,1.0191
2674,2008-07-05,1.0171
2675,2008-07-04,1.0153
2676,2008-07-03,1.0186
2677,2008-07-02,1.0194
2678,2008-07-01,1.0116
2679,2008-06-30,1.0101
2680,2008-06-29,1.0101
2681,2008-06-28,1.0107
2682,2008-06-27,1.0101
2683,2008-06-26,1.0118
2684,2008-06-25,1.0151
2685,2008-06-24,1.0159
2686,2008-06-23,1.0161
2687,2008-06-22,1.0161
2688,2008-06-21,1.0158
2689,2008-06-20,1.0158
2690,2008-06-19,1.0186
2691,2008-06-18,1.0211
2692,2008-06-17,1.0265
2693,2008-06-16,1.0291
2694,2008-06-15,1.0291
2695,2008-06-14,1.026
2696,2008-06-13,1.0222
2697,2008-06-12,1.0205
2698,2008-06-11,1.0245
2699,2008-06-10,1.0194
2700,2008-06-09,1.019
2701,2008-06-08,1.0182
2702,2008-06-07,1.0182
2703,2008-06-06,1.0174
2704,2008-06-05,1.0105
2705,2008-06-04,1.0022
2706,2008-06-03,0.9967
2707,2008-06-02,0.9929
2708,2008-06-01,0.9929
2709,2008-05-31,0.9918
2710,2008-05-30,0.9889
2711,2008-05-29,0.993
2712,2008-05-28,0.9911
2713,2008-05-27,0.9889
2714,2008-05-26,0.9894
2715,2008-05-25,0.9894
2716,2008-05-24,0.9866
2717,2008-05-23,0.9845
2718,2008-05-22,0.9882
2719,2008-05-21,0.9915
2720,2008-05-20,0.9958
2721,2008-05-19,0.9987
2722,2008-05-18,0.9988
2723,2008-05-17,0.9995
2724,2008-05-16,1.0024
2725,2008-05-15,1.0029
2726,2008-05-14,1.0051
2727,2008-05-13,1.0064
2728,2008-05-12,1.0048
2729,2008-05-11,1.0048
2730,2008-05-10,1.0111
2731,2008-05-09,1.0115
2732,2008-05-08,1.0033
2733,2008-05-07,1.0094
2734,2008-05-06,1.017
2735,2008-05-05,1.0189
2736,2008-05-04,1.0189
2737,2008-05-03,1.0186
2738,2008-05-02,1.0116
2739,2008-05-01,1.0106
2740,2008-04-30,1.0131
2741,2008-04-29,1.0118
2742,2008-04-28,1.0133
2743,2008-04-27,1.0134
2744,2008-04-26,1.0156
2745,2008-04-25,1.0172
2746,2008-04-24,1.0113
2747,2008-04-23,1.0071
2748,2008-04-22,1.0052
2749,2008-04-21,1.0037
2750,2008-04-20,1.0038
2751,2008-04-19,1.0083
2752,2008-04-18,1.0042
2753,2008-04-17,1.011
2754,2008-04-16,1.0195
2755,2008-04-15,1.0235
2756,2008-04-14,1.0227
2757,2008-04-13,1.0227
2758,2008-04-12,1.0188
2759,2008-04-11,1.0181
2760,2008-04-10,1.0158
2761,2008-04-09,1.0133
2762,2008-04-08,1.0131
2763,2008-04-07,1.008
2764,2008-04-06,1.008
2765,2008-04-05,1.0067
2766,2008-04-04,1.0124
2767,2008-04-03,1.0201
2768,2008-04-02,1.025
2769,2008-04-01,1.0236
2770,2008-03-31,1.0221
2771,2008-03-30,1.0221
2772,2008-03-29,1.0171
2773,2008-03-28,1.0176
2774,2008-03-27,1.0168
2775,2008-03-26,1.0165
2776,2008-03-25,1.0251
2777,2008-03-24,1.0228
2778,2008-03-23,1.0228
2779,2008-03-22,1.0235
2780,2008-03-21,1.0193
2781,2008-03-20,0.9956
2782,2008-03-19,0.9947
2783,2008-03-18,0.9924
2784,2008-03-17,0.9889
2785,2008-03-16,0.9887
2786,2008-03-15,0.9854
2787,2008-03-14,0.9874
2788,2008-03-13,0.9902
2789,2008-03-12,0.9941
2790,2008-03-11,0.9903
2791,2008-03-10,0.9903
2792,2008-03-09,0.9903
2793,2008-03-08,0.9846
2794,2008-03-07,0.9853
2795,2008-03-06,0.9923
2796,2008-03-05,0.9908
2797,2008-03-04,0.9858
2798,2008-03-03,0.9872
2799,2008-03-02,0.9871
2800,2008-03-01,0.9782
2801,2008-02-29,0.9785
2802,2008-02-28,0.9802
2803,2008-02-27,0.9929
2804,2008-02-26,1.007
2805,2008-02-25,1.0122
2806,2008-02-24,1.0123
2807,2008-02-23,1.0119
2808,2008-02-22,1.0117
2809,2008-02-21,1.0157
2810,2008-02-20,1.0082
2811,2008-02-19,1.0072
2812,2008-02-18,1.0065
2813,2008-02-17,1.0065
2814,2008-02-16,0.9998
2815,2008-02-15,0.9971
2816,2008-02-14,1.0
2817,2008-02-13,1.0005
2818,2008-02-12,0.9996
2819,2008-02-11,0.9985
2820,2008-02-10,0.9984
2821,2008-02-09,1.0054
2822,2008-02-08,1.0076
2823,2008-02-07,1.0061
2824,2008-02-06,0.9984
2825,2008-02-05,0.9951
2826,2008-02-04,0.9947
2827,2008-02-03,0.9946
2828,2008-02-02,0.9996
2829,2008-02-01,0.9972
2830,2008-01-31,0.9966
2831,2008-01-30,1.0018
2832,2008-01-29,1.0079
2833,2008-01-28,1.0076
2834,2008-01-27,1.0075
2835,2008-01-26,1.0057
2836,2008-01-25,1.0185
2837,2008-01-24,1.0278
2838,2008-01-23,1.0319
2839,2008-01-22,1.0294
2840,2008-01-21,1.0267
2841,2008-01-20,1.0268
2842,2008-01-19,1.0276
2843,2008-01-18,1.0239
2844,2008-01-17,1.0209
2845,2008-01-16,1.0167
2846,2008-01-15,1.0181
2847,2008-01-14,1.0185
2848,2008-01-13,1.0185
2849,2008-01-12,1.0129
2850,2008-01-11,1.0099
2851,2008-01-10,1.0052
2852,2008-01-09,1.002
2853,2008-01-08,1.0025
2854,2008-01-07,1.0024
2855,2008-01-06,1.0023
2856,2008-01-05,0.991
2857,2008-01-04,0.9928
2858,2008-01-03,0.9907
2859,2008-01-02,0.9974
2860,2008-01-01,0.9814
2861,2007-12-31,0.981
2862,2007-12-30,0.981
2863,2007-12-29,0.9802
2864,2007-12-28,0.9811
2865,2007-12-27,0.9843
2866,2007-12-26,0.9851
2867,2007-12-25,0.99
2868,2007-12-24,0.9913
2869,2007-12-23,0.9913
2870,2007-12-22,0.9973
2871,2007-12-21,1.001
2872,2007-12-20,1.0053
2873,2007-12-19,1.0065
2874,2007-12-18,1.0145
2875,2007-12-17,1.0167
2876,2007-12-16,1.0168
2877,2007-12-15,1.019
2878,2007-12-14,1.0144
2879,2007-12-13,1.0112
2880,2007-12-12,1.008
2881,2007-12-11,1.0059
2882,2007-12-10,1.0048
2883,2007-12-09,1.0048
2884,2007-12-08,1.0081
2885,2007-12-07,1.0135
2886,2007-12-06,1.0143
2887,2007-12-05,1.0046
2888,2007-12-04,1.0004
2889,2007-12-03,0.9983
2890,2007-12-02,0.9998
2891,2007-12-01,0.9972
2892,2007-11-30,0.9897
2893,2007-11-29,0.9948
2894,2007-11-28,0.9909
2895,2007-11-27,0.9851
2896,2007-11-26,0.9889
2897,2007-11-25,0.989
2898,2007-11-24,0.9849
2899,2007-11-23,0.9843
2900,2007-11-22,0.9834
2901,2007-11-21,0.9824
2902,2007-11-20,0.9763
2903,2007-11-19,0.973
2904,2007-11-18,0.9728
2905,2007-11-17,0.9816
2906,2007-11-16,0.9689
2907,2007-11-15,0.9577
2908,2007-11-14,0.9627
2909,2007-11-13,0.9521
2910,2007-11-12,0.9443
2911,2007-11-11,0.9441
2912,2007-11-10,0.9341
2913,2007-11-09,0.9296
2914,2007-11-08,0.9141
2915,2007-11-07,0.9292
2916,2007-11-06,0.9344
2917,2007-11-05,0.9345
2918,2007-11-04,0.9345
2919,2007-11-03,0.9438
2920,2007-11-02,0.946
2921,2007-11-01,0.9525
2922,2007-10-31,0.9544
2923,2007-10-30,0.9585
2924,2007-10-29,0.9616
2925,2007-10-28,0.9616
2926,2007-10-27,0.9635
2927,2007-10-26,0.9673
2928,2007-10-25,0.9681
2929,2007-10-24,0.9722
2930,2007-10-23,0.9728
2931,2007-10-22,0.9663
2932,2007-10-21,0.9663
2933,2007-10-20,0.9705
2934,2007-10-19,0.9741
2935,2007-10-18,0.9781
2936,2007-10-17,0.9777
2937,2007-10-16,0.9734
2938,2007-10-15,0.9714
2939,2007-10-14,0.9713
2940,2007-10-13,0.9763
2941,2007-10-12,0.9785
2942,2007-10-11,0.9815
2943,2007-10-10,0.9863
2944,2007-10-09,0.9833
2945,2007-10-08,0.9801
2946,2007-10-07,0.9801
2947,2007-10-06,0.9915
2948,2007-10-05,0.9985
2949,2007-10-04,0.9968
2950,2007-10-03,0.9954
2951,2007-10-02,0.9929
2952,2007-10-01,0.9919
2953,2007-09-30,0.9919
2954,2007-09-29,0.9987
2955,2007-09-28,1.0025
2956,2007-09-27,1.0054
2957,2007-09-26,1.0027
2958,2007-09-25,0.9997
2959,2007-09-24,1.0004
2960,2007-09-23,1.0004
2961,2007-09-22,0.9998
2962,2007-09-21,1.0087
2963,2007-09-20,1.0131
2964,2007-09-19,1.0251
2965,2007-09-18,1.0287
2966,2007-09-17,1.0294
2967,2007-09-16,1.0294
2968,2007-09-15,1.0326
2969,2007-09-14,1.0349
2970,2007-09-13,1.0407
2971,2007-09-12,1.048
2972,2007-09-11,1.0556
2973,2007-09-10,1.0547
2974,2007-09-09,1.0547
2975,2007-09-08,1.0523
2976,2007-09-07,1.0535
2977,2007-09-06,1.0515
2978,2007-09-05,1.0527
2979,2007-09-04,1.0535
2980,2007-09-03,1.0553
2981,2007-09-02,1.0553
2982,2007-09-01,1.0557
2983,2007-08-31,1.0606
2984,2007-08-30,1.0632
2985,2007-08-29,1.0572
2986,2007-08-28,1.0505
2987,2007-08-27,1.0515
2988,2007-08-26,1.0515
2989,2007-08-25,1.0528
2990,2007-08-24,1.057
2991,2007-08-23,1.0623
2992,2007-08-22,1.059
2993,2007-08-21,1.0592
2994,2007-08-20,1.0595
2995,2007-08-19,1.0595
2996,2007-08-18,1.0713
2997,2007-08-17,1.0793
2998,2007-08-16,1.0727
2999,2007-08-15,1.0584
3000,2007-08-14,1.0531
3001,2007-08-13,1.0527
3002,2007-08-12,1.0527
3003,2007-08-11,1.0565
3004,2007-08-10,1.0519
3005,2007-08-09,1.0524
3006,2007-08-08,1.054
3007,2007-08-07,1.0551
3008,2007-08-06,1.0564
3009,2007-08-05,1.0564
3010,2007-08-04,1.0538
3011,2007-08-03,1.0559
3012,2007-08-02,1.0646
3013,2007-08-01,1.0642
3014,2007-07-31,1.0663
3015,2007-07-30,1.0637
3016,2007-07-29,1.0637
3017,2007-07-28,1.0568
3018,2007-07-27,1.0451
3019,2007-07-26,1.0382
3020,2007-07-25,1.0434
3021,2007-07-24,1.0457
3022,2007-07-23,1.0482
3023,2007-07-22,1.0482
3024,2007-07-21,1.0441
3025,2007-07-20,1.0439
3026,2007-07-19,1.0433
3027,2007-07-18,1.0435
3028,2007-07-17,1.0456
3029,2007-07-16,1.0471
3030,2007-07-15,1.0471
3031,2007-07-14,1.0464
3032,2007-07-13,1.0513
3033,2007-07-12,1.0559
3034,2007-07-11,1.0502
3035,2007-07-10,1.0477
3036,2007-07-09,1.049
3037,2007-07-08,1.049
3038,2007-07-07,1.0535
3039,2007-07-06,1.0576
3040,2007-07-05,1.0588
3041,2007-07-04,1.0574
3042,2007-07-03,1.0598
3043,2007-07-02,1.0642
3044,2007-07-01,1.0646
3045,2007-06-30,1.059
3046,2007-06-29,1.0661
3047,2007-06-28,1.071
3048,2007-06-27,1.0702
3049,2007-06-26,1.0701
3050,2007-06-25,1.0675
3051,2007-06-24,1.0675
3052,2007-06-23,1.0725
3053,2007-06-22,1.0686
3054,2007-06-21,1.064
3055,2007-06-20,1.0688
3056,2007-06-19,1.0701
3057,2007-06-18,1.0673
3058,2007-06-17,1.0673
3059,2007-06-16,1.0664
3060,2007-06-15,1.0672
3061,2007-06-14,1.0682
3062,2007-06-13,1.0613
3063,2007-06-12,1.0615
3064,2007-06-11,1.0603
3065,2007-06-10,1.0603
3066,2007-06-09,1.0632
3067,2007-06-08,1.0588
3068,2007-06-07,1.0601
3069,2007-06-06,1.059
3070,2007-06-05,1.0589
3071,2007-06-04,1.0603
3072,2007-06-03,1.0604
3073,2007-06-02,1.0673
3074,2007-06-01,1.0716
3075,2007-05-31,1.0731
3076,2007-05-30,1.0786
3077,2007-05-29,1.0799
3078,2007-05-28,1.0799
3079,2007-05-27,1.0798
3080,2007-05-26,1.0831
3081,2007-05-25,1.083
3082,2007-05-24,1.0854
3083,2007-05-23,1.0851
3084,2007-05-22,1.0868
3085,2007-05-21,1.0882
3086,2007-05-20,1.0882
3087,2007-05-19,1.0954
3088,2007-05-18,1.1017
3089,2007-05-17,1.1
3090,2007-05-16,1.1032
3091,2007-05-15,1.1092
3092,2007-05-14,1.1101
3093,2007-05-13,1.1101
3094,2007-05-12,1.1121
3095,2007-05-11,1.1071
3096,2007-05-10,1.1061
3097,2007-05-09,1.1025
3098,2007-05-08,1.1045
3099,2007-05-07,1.1072
3100,2007-05-06,1.1072
3101,2007-05-05,1.1066
3102,2007-05-04,1.1076
3103,2007-05-03,1.1106
3104,2007-05-02,1.109
3105,2007-05-01,1.1138
3106,2007-04-30,1.1159
3107,2007-04-29,1.1159
3108,2007-04-28,1.1189
3109,2007-04-27,1.117
3110,2007-04-26,1.1195
3111,2007-04-25,1.122
3112,2007-04-24,1.1228
3113,2007-04-23,1.1233
3114,2007-04-22,1.1233
3115,2007-04-21,1.1268
3116,2007-04-20,1.1281
3117,2007-04-19,1.1296
3118,2007-04-18,1.1314
3119,2007-04-17,1.1339
3120,2007-04-16,1.1374
3121,2007-04-15,1.1374
3122,2007-04-14,1.135
3123,2007-04-13,1.1384
3124,2007-04-12,1.1456
3125,2007-04-11,1.1495
3126,2007-04-10,1.1513
3127,2007-04-09,1.1508
3128,2007-04-08,1.1508
3129,2007-04-07,1.1512
3130,2007-04-06,1.1556
3131,2007-04-05,1.1577
3132,2007-04-04,1.1566
3133,2007-04-03,1.154
3134,2007-04-02,1.1535
3135,2007-04-01,1.1535
3136,2007-03-31,1.1554
3137,2007-03-30,1.1589
3138,2007-03-29,1.1578
3139,2007-03-28,1.1586
3140,2007-03-27,1.1617
3141,2007-03-26,1.1603
3142,2007-03-25,1.1603
3143,2007-03-24,1.158
3144,2007-03-23,1.1568
3145,2007-03-22,1.1604
3146,2007-03-21,1.1723
3147,2007-03-20,1.1761
3148,2007-03-19,1.1755
3149,2007-03-18,1.1754
3150,2007-03-17,1.1749
3151,2007-03-16,1.1752
3152,2007-03-15,1.1746
3153,2007-03-14,1.1705
3154,2007-03-13,1.171
3155,2007-03-12,1.1718
3156,2007-03-11,1.1718
3157,2007-03-10,1.1773
3158,2007-03-09,1.1786
3159,2007-03-08,1.1766
3160,2007-03-07,1.1782
3161,2007-03-06,1.1784
3162,2007-03-05,1.1777
3163,2007-03-04,1.1781
3164,2007-03-03,1.1734
3165,2007-03-02,1.17
3166,2007-03-01,1.1678
3167,2007-02-28,1.1609
3168,2007-02-27,1.1592
3169,2007-02-26,1.1593
3170,2007-02-25,1.1593
3171,2007-02-24,1.1606
3172,2007-02-23,1.161
3173,2007-02-22,1.1675
3174,2007-02-21,1.1656
3175,2007-02-20,1.164
3176,2007-02-19,1.1628
3177,2007-02-18,1.1628
3178,2007-02-17,1.1636
3179,2007-02-16,1.1646
3180,2007-02-15,1.1669
3181,2007-02-14,1.1728
3182,2007-02-13,1.1734
3183,2007-02-12,1.1716
3184,2007-02-11,1.1716
3185,2007-02-10,1.1804
3186,2007-02-09,1.185
3187,2007-02-08,1.1827
3188,2007-02-07,1.1823
3189,2007-02-06,1.184
3190,2007-02-05,1.1838
3191,2007-02-04,1.1839
3192,2007-02-03,1.1808
3193,2007-02-02,1.1769
3194,2007-02-01,1.18
3195,2007-01-31,1.1821
3196,2007-01-30,1.1808
3197,2007-01-29,1.1793
3198,2007-01-28,1.1793
3199,2007-01-27,1.1819
3200,2007-01-26,1.1781
3201,2007-01-25,1.1807
3202,2007-01-24,1.1816
3203,2007-01-23,1.1742
3204,2007-01-22,1.1719
3205,2007-01-21,1.1719
3206,2007-01-20,1.1731
3207,2007-01-19,1.1737
3208,2007-01-18,1.1749
3209,2007-01-17,1.1688
3210,2007-01-16,1.1685
3211,2007-01-15,1.17
3212,2007-01-14,1.1699
3213,2007-01-13,1.1745
3214,2007-01-12,1.1749
3215,2007-01-11,1.1768
3216,2007-01-10,1.1754
3217,2007-01-09,1.1741
3218,2007-01-08,1.1727
3219,2007-01-07,1.1727
3220,2007-01-06,1.1765
3221,2007-01-05,1.1735
3222,2007-01-04,1.1668
3223,2007-01-03,1.1642
3224,2007-01-02,1.1654
3225,2007-01-01,1.1654
3226,2006-12-31,1.1654
3227,2006-12-30,1.1654
3228,2006-12-29,1.1654
3229,2006-12-28,1.16
3230,2006-12-27,1.1612
3231,2006-12-26,1.1574
3232,2006-12-25,1.1574
3233,2006-12-24,1.1574
3234,2006-12-23,1.1574
3235,2006-12-22,1.1574
3236,2006-12-21,1.1537
3237,2006-12-20,1.1486
3238,2006-12-19,1.1558
3239,2006-12-18,1.1574
3240,2006-12-17,1.1574
3241,2006-12-16,1.1574
3242,2006-12-15,1.1574
3243,2006-12-14,1.1567
3244,2006-12-13,1.1545
3245,2006-12-12,1.1547
3246,2006-12-11,1.1474
3247,2006-12-10,1.1474
3248,2006-12-09,1.1474
3249,2006-12-08,1.1501
3250,2006-12-07,1.1481
3251,2006-12-06,1.1469
3252,2006-12-05,1.1417
3253,2006-12-04,1.1453
3254,2006-12-03,1.1453
3255,2006-12-02,1.1453
3256,2006-12-01,1.1446
3257,2006-11-30,1.1416
3258,2006-11-29,1.136
3259,2006-11-28,1.1311
3260,2006-11-27,1.133
3261,2006-11-26,1.133
3262,2006-11-25,1.133
3263,2006-11-24,1.1346
3264,2006-11-23,1.1418
3265,2006-11-22,1.1413
3266,2006-11-21,1.1474
3267,2006-11-20,1.1473
3268,2006-11-19,1.1473
3269,2006-11-18,1.1473
3270,2006-11-17,1.1459
3271,2006-11-16,1.1404
3272,2006-11-15,1.139
3273,2006-11-14,1.1395
3274,2006-11-13,1.1307
3275,2006-11-12,1.1307
3276,2006-11-11,1.1307
3277,2006-11-10,1.1307
3278,2006-11-09,1.1292
3279,2006-11-08,1.1276
3280,2006-11-07,1.1276
3281,2006-11-06,1.1293
3282,2006-11-05,1.1293
3283,2006-11-04,1.1293
3284,2006-11-03,1.1291
3285,2006-11-02,1.1362
3286,2006-11-01,1.1315
3287,2006-10-31,1.1227
3288,2006-10-30,1.1235
3289,2006-10-29,1.1235
3290,2006-10-28,1.1235
3291,2006-10-27,1.1188
3292,2006-10-26,1.1254
3293,2006-10-25,1.1249
3294,2006-10-24,1.1271
3295,2006-10-23,1.1282
3296,2006-10-22,1.1282
3297,2006-10-21,1.1282
3298,2006-10-20,1.1251
3299,2006-10-19,1.1319
3300,2006-10-18,1.1379
3301,2006-10-17,1.138
3302,2006-10-16,1.1386
3303,2006-10-15,1.1386
3304,2006-10-14,1.1386
3305,2006-10-13,1.1368
3306,2006-10-12,1.1357
3307,2006-10-11,1.1358
3308,2006-10-10,1.1319
3309,2006-10-09,1.1264
3310,2006-10-08,1.1264
3311,2006-10-07,1.1264
3312,2006-10-06,1.1264
3313,2006-10-05,1.1269
3314,2006-10-04,1.1287
3315,2006-10-03,1.1211
3316,2006-10-02,1.1154
3317,2006-10-01,1.1154
3318,2006-09-30,1.1154
3319,2006-09-29,1.1153
3320,2006-09-28,1.1109
3321,2006-09-27,1.1151
3322,2006-09-26,1.1159
3323,2006-09-25,1.1162
3324,2006-09-24,1.1162
3325,2006-09-23,1.1162
3326,2006-09-22,1.1172
3327,2006-09-21,1.1194
3328,2006-09-20,1.1273
3329,2006-09-19,1.1232
3330,2006-09-18,1.1171
3331,2006-09-17,1.1171
3332,2006-09-16,1.1171
3333,2006-09-15,1.1194
3334,2006-09-14,1.1159
3335,2006-09-13,1.1191
3336,2006-09-12,1.1186
3337,2006-09-11,1.1218
3338,2006-09-10,1.1218
3339,2006-09-09,1.1218
3340,2006-09-08,1.1189
3341,2006-09-07,1.1099
3342,2006-09-06,1.1053
3343,2006-09-05,1.111
3344,2006-09-04,1.1056
3345,2006-09-03,1.1056
3346,2006-09-02,1.1056
3347,2006-09-01,1.1056
3348,2006-08-31,1.1066
3349,2006-08-30,1.11
3350,2006-08-29,1.1105
3351,2006-08-28,1.112
3352,2006-08-27,1.112
3353,2006-08-26,1.112
3354,2006-08-25,1.108
3355,2006-08-24,1.1111
3356,2006-08-23,1.1101
3357,2006-08-22,1.1154
3358,2006-08-21,1.1184
3359,2006-08-20,1.1184
3360,2006-08-19,1.1184
3361,2006-08-18,1.1233
3362,2006-08-17,1.1164
3363,2006-08-16,1.1161
3364,2006-08-15,1.1221
3365,2006-08-14,1.124
3366,2006-08-13,1.124
3367,2006-08-12,1.124
3368,2006-08-11,1.1204
3369,2006-08-10,1.1263
3370,2006-08-09,1.1199
3371,2006-08-08,1.1204
3372,2006-08-07,1.127
3373,2006-08-06,1.127
3374,2006-08-05,1.127
3375,2006-08-04,1.127
3376,2006-08-03,1.1263
3377,2006-08-02,1.1259
3378,2006-08-01,1.1315
3379,2006-07-31,1.1308
3380,2006-07-30,1.1308
3381,2006-07-29,1.1308
3382,2006-07-28,1.1298
3383,2006-07-27,1.1346
3384,2006-07-26,1.1378
3385,2006-07-25,1.1414
3386,2006-07-24,1.1416
3387,2006-07-23,1.1416
3388,2006-07-22,1.1416
3389,2006-07-21,1.1375
3390,2006-07-20,1.134
3391,2006-07-19,1.1353
3392,2006-07-18,1.1337
3393,2006-07-17,1.1322
3394,2006-07-16,1.1322
3395,2006-07-15,1.1322
3396,2006-07-14,1.1274
3397,2006-07-13,1.1319
3398,2006-07-12,1.1355
3399,2006-07-11,1.1338
3400,2006-07-10,1.1246
3401,2006-07-09,1.1246
3402,2006-07-08,1.1246
3403,2006-07-07,1.1135
3404,2006-07-06,1.1117
3405,2006-07-05,1.1117
3406,2006-07-04,1.1061
3407,2006-07-03,1.115
3408,2006-07-02,1.115
3409,2006-07-01,1.115
3410,2006-06-30,1.115
3411,2006-06-29,1.1159
3412,2006-06-28,1.1245
3413,2006-06-27,1.1213
3414,2006-06-26,1.1238
3415,2006-06-25,1.1238
3416,2006-06-24,1.1238
3417,2006-06-23,1.1241
3418,2006-06-22,1.1174
3419,2006-06-21,1.1042
3420,2006-06-20,1.1163
3421,2006-06-19,1.1228
3422,2006-06-18,1.1228
3423,2006-06-17,1.1228
3424,2006-06-16,1.1226
3425,2006-06-15,1.1177
3426,2006-06-14,1.1122
3427,2006-06-13,1.1079
3428,2006-06-12,1.099
3429,2006-06-11,1.099
3430,2006-06-10,1.099
3431,2006-06-09,1.1072
3432,2006-06-08,1.1232
3433,2006-06-07,1.1116
3434,2006-06-06,1.1152
3435,2006-06-05,1.1012
3436,2006-06-04,1.1012
3437,2006-06-03,1.1012
3438,2006-06-02,1.1004
3439,2006-06-01,1.1008
3440,2006-05-31,1.1028
3441,2006-05-30,1.0996
3442,2006-05-29,1.105
3443,2006-05-28,1.105
3444,2006-05-27,1.105
3445,2006-05-26,1.1073
3446,2006-05-25,1.1073
3447,2006-05-24,1.1228
3448,2006-05-23,1.1176
3449,2006-05-22,1.1233
3450,2006-05-21,1.1233
3451,2006-05-20,1.1233
3452,2006-05-19,1.1233
3453,2006-05-18,1.1213
3454,2006-05-17,1.1125
3455,2006-05-16,1.1112
3456,2006-05-15,1.114
3457,2006-05-14,1.114
3458,2006-05-13,1.114
3459,2006-05-12,1.1085
3460,2006-05-11,1.099
3461,2006-05-10,1.1007
3462,2006-05-09,1.102
3463,2006-05-08,1.1117
3464,2006-05-07,1.1117
3465,2006-05-06,1.1117
3466,2006-05-05,1.1072
3467,2006-05-04,1.1068
3468,2006-05-03,1.1072
3469,2006-05-02,1.1069
3470,2006-05-01,1.1133
3471,2006-04-30,1.1133
3472,2006-04-29,1.1133
3473,2006-04-28,1.1203
3474,2006-04-27,1.1235
3475,2006-04-26,1.127
3476,2006-04-25,1.1316
3477,2006-04-24,1.1373
3478,2006-04-23,1.1373
3479,2006-04-22,1.1373
3480,2006-04-21,1.1373
3481,2006-04-20,1.1388
3482,2006-04-19,1.1364
3483,2006-04-18,1.1419
3484,2006-04-17,1.1453
3485,2006-04-16,1.1453
3486,2006-04-15,1.1453
3487,2006-04-14,1.1519
3488,2006-04-13,1.1519
3489,2006-04-12,1.1478
3490,2006-04-11,1.1457
3491,2006-04-10,1.1467
3492,2006-04-09,1.1467
3493,2006-04-08,1.1467
3494,2006-04-07,1.1467
3495,2006-04-06,1.1534
3496,2006-04-05,1.1618
3497,2006-04-04,1.1662
3498,2006-04-03,1.1719
3499,2006-04-02,1.1719
3500,2006-04-01,1.1719
3501,2006-03-31,1.1671
3502,2006-03-30,1.1627
3503,2006-03-29,1.1723
3504,2006-03-28,1.1699
3505,2006-03-27,1.1686
3506,2006-03-26,1.1686
3507,2006-03-25,1.1686
3508,2006-03-24,1.1674
3509,2006-03-23,1.1659
3510,2006-03-22,1.1654
3511,2006-03-21,1.1647
3512,2006-03-20,1.1628
3513,2006-03-19,1.1628
3514,2006-03-18,1.1628
3515,2006-03-17,1.1587
3516,2006-03-16,1.1537
3517,2006-03-15,1.1553
3518,2006-03-14,1.155
3519,2006-03-13,1.1618
3520,2006-03-12,1.1618
3521,2006-03-11,1.1618
3522,2006-03-10,1.1605
3523,2006-03-09,1.1596
3524,2006-03-08,1.1574
3525,2006-03-07,1.1471
3526,2006-03-06,1.1403
3527,2006-03-05,1.1403
3528,2006-03-04,1.1403
3529,2006-03-03,1.1352
3530,2006-03-02,1.1322
3531,2006-03-01,1.1369
3532,2006-02-28,1.138
3533,2006-02-27,1.1419
3534,2006-02-26,1.1419
3535,2006-02-25,1.1419
3536,2006-02-24,1.1518
3537,2006-02-23,1.1513
3538,2006-02-22,1.1482
3539,2006-02-21,1.1464
3540,2006-02-20,1.148
3541,2006-02-19,1.148
3542,2006-02-18,1.148
3543,2006-02-17,1.1522
3544,2006-02-16,1.1578
3545,2006-02-15,1.1541
3546,2006-02-14,1.1547
3547,2006-02-13,1.1547
3548,2006-02-12,1.1547
3549,2006-02-11,1.1547
3550,2006-02-10,1.1542
3551,2006-02-09,1.1453
3552,2006-02-08,1.1535
3553,2006-02-07,1.1492
3554,2006-02-06,1.1457
3555,2006-02-05,1.1457
3556,2006-02-04,1.1457
3557,2006-02-03,1.1471
3558,2006-02-02,1.1432
3559,2006-02-01,1.1403
3560,2006-01-31,1.1439
3561,2006-01-30,1.1443
3562,2006-01-29,1.1443
3563,2006-01-28,1.1443
3564,2006-01-27,1.1474
3565,2006-01-26,1.1504
3566,2006-01-25,1.1482
3567,2006-01-24,1.1549
3568,2006-01-23,1.1511
3569,2006-01-22,1.1511
3570,2006-01-21,1.1511
3571,2006-01-20,1.1534
3572,2006-01-19,1.1656
3573,2006-01-18,1.1726
3574,2006-01-17,1.1643
3575,2006-01-16,1.1578
3576,2006-01-15,1.1578
3577,2006-01-14,1.1578
3578,2006-01-13,1.1613
3579,2006-01-12,1.1625
3580,2006-01-11,1.1579
3581,2006-01-10,1.1628
3582,2006-01-09,1.1692
3583,2006-01-08,1.1692
3584,2006-01-07,1.1692
3585,2006-01-06,1.1648
3586,2006-01-05,1.1617
3587,2006-01-04,1.1515
3588,2006-01-03,1.1571
3589,2006-01-02,1.1571
